Legal Entity Domain,Bank Account
NIP,
NIP,ABF - Havnvik Bank - EUR A/c - 9298054946
NIP,ABF - Havnvik Bank - EUR A/c - 0913634829
NIP,ABF - Calder Bank - EUR A/c - 240-545462-030
NIP,ABF GP - Havnvik Bank - EUR A/c - 4933051952
NIP,ABF GP - Calder - EUR A/c - 240-582517-030
NIP,AGP NI Co-Invest - Calder_EUR_2804
NIP,AGP NI CO-Invest I SCSp - Calder_USD_0906
NIP,DKP NI Co-invest - Calder EUR 2305
NIP,Stanmore - Calder - CAD - 6935
NIP,Stanmore - Calder - DKK - 0392
NIP,Stanmore - Calder - EUR - 0402
NIP,Stanmore - Calder - USD - 3905
NIP,C5294-DKK-Calder-2022
NIP,C4019-DKK-HVK-1404
NIP,C5470-DKK-HVK-6600
NIP,C3731-EUR-Calder-9454
NIP,C0630-EUR-HVK-1414
NIP,C4158-EUR-HVK-2043
NIP,C2140-EUR-HVK-5960
NIP,C4261-USD-HVK-3002
NIP,C2221-USD-HVK-3238
NIP,C8076-EUR-Calder-4295
NIP,C5010-EUR-BQVR-9965
NIP,C2553-DKK-Calder-7573
NIP,C7105-DKK-HVK-1632
NIP,C7220-EUR-Calder-2152
NIP,C1321-EUR-HVK-2244
NIP,C5954-EUR-HVK-9912
NIP,C5332-USD-HVK-7104
NIP,C4531-DKK-Calder-2532
NIP,C0602-DKK-HVK-9452
NIP,C8205-EUR-Calder-8513
NIP,C2783-EUR-HVK-3523
NIP,C4252-USD-Calder-0200
NIP,C0479-USD-HVK-3551
NIP,C2099-DKK-Calder-1346
NIP,C5262-EUR-Calder-3180
NIP,C2409-EUR-HVK-2345
NIP,NI ABF II - Havnvik - DKK - 3215
NIP,NI ABF II - Havnvik - EUR - 8455
NIP,NI ABF II - Havnvik - EUR - 3972
NIP,NI ABF II - Calder - DKK - 4319
NIP,NI ABF II - Calder - EUR - 8102
NIP,NI ABF II - Calder - USD - 4407
NIP,NI ABF II GP - Calder - EUR - 7233
NIP,NI ABF II QFPF - Havnvik - DKK - 8002
NIP,NI ABF II QFPF - Havnvik - EUR - 00616
NIP,NI ABF II QFPF - Havnvik - EUR - 5512
NIP,NI ABF II QFPF - Calder - EUR - 0723
NIP,NI Co - Invest GP Sarl - Calder - EUR - 7621
NIP,NI ECF - Havnvik - EUR - 5849
NIP,NI ECF - Havnvik - EUR - 2763
NIP,NI ECF - Havnvik - USD - 9220
NIP,NI GCF II - Havnvik - EUR - 4406
NIP,NI GCF II - Havnvik - EUR - 5308
NIP,NI GCF II - Havnvik - GBP - 0304
NIP,NI GCF II - Havnvik - USD - 5340
NIP,NI GCF II - Calder - DKK - 1224
NIP,NI GCF II - Calder - EUR - 4241
NIP,NI GCF II - Calder - USD - 2621
NIP,NI GCF II EUR HedgeCo - Havnvik - EUR - 1932
NIP,NI GCF II EUR HedgeCo - Havnvik - GBP - 5025
NIP,NI GCF II EUR HedgeCo - Havnvik - USD - 1353
NIP,NI GCF II GP - Calder - EUR - 4222
NIP,NI GCF II Non-US Aggregator - Havnvik - EUR - 3452
NIP,NI GCF II Non-US Aggregator - Havnvik - GBP - 3965
NIP,NI GCF II Non-US Aggregator - Havnvik - USD - 0349
NIP,NI GCF II Non-US Aggregator - Calder - DKK - 1081
NIP,NI GCF II Non-US Aggregator - Calder - EUR - 5476
NIP,NI GCF II Non-US Aggregator - Calder - USD - 7350
NIP,NI GCF II USD - Havnvik - EUR - 2481
NIP,NI GCF II USD - Havnvik - GBP - 4116
NIP,NI GCF II USD - Havnvik - USD - 0190
NIP,NI GCF II USD - Havnvik - USD - 5487
NIP,NI GCF II USD - Calder - DKK - 4927
NIP,NI GCF II USD - Calder - EUR - 5041
NIP,NI GCF II USD - Calder - USD - 9071
NIP,NI GCF II USD Blocked SCSp - Havnvik - EUR - 4838
NIP,NI GCF II USD Blocked SCSp - Havnvik - USD - 1240
NIP,NI GCF II USD Blocked SCSp - Havnvik - USD - 6852
NIP,NI GCF II USD Blocked SCSp - Calder - DKK - 43145
NIP,NI GCF II USD Blocked SCSp - Calder - EUR - 16204
NIP,NI GCF II USD HedgeCo - Havnvik - EUR - 0920
NIP,NI GCF II USD HedgeCo - Havnvik - GBP - 4511
NIP,NI GCF II USD HedgeCo - Havnvik - USD - 4215
NIP,NI GMF II - Havnvik - USD - 9231
NIP,NI GMF II - Havnvik - USD - 0047
NIP,NI GMF II - Calder - DKK - 2903
NIP,NI GMF II - Calder - EUR - 2425
NIP,NI GMF II - Calder - USD - 4373
NIP,NI GMF II Feeder Fund - Havnvik - USD - 5051
NIP,NI GMF II Feeder Fund - Havnvik - USD - 2181
NIP,NI GMF II Feeder Fund - Calder - EUR - 3315
NIP,NI GMF II Feeder Fund - Calder - USD - 8430
NIP,NI GMF II SICAV-RAIF - Access - Havnvik - USD - 5471
NIP,NI GMF II SICAV-RAIF - Access - Calder - EUR - 0136
NIP,NI GMF II SICAV-RAIF - Calder - EUR - 2551
NIP,NI GMF II SICAV-RAIF - NKP - Havnvik - USD - 3589
NIP,NI GMF II SICAV-RAIF - NKP - Calder - EUR - 2220
NIP,NI NKP Co-Invest I SCSp - Bregnholm_EUR_3149
NIP,NI NKP CO-Invest-Calder EUR 7302
NIP,NI SWIC Co-Invest Vehicle I SCSp - Calder - 1353
NIP,NI SWIC Co-Invest Vehicle I SCSp - Calder - 0251
NIP,NI SWIC Co-Invest Vehicle I SCSp - Calder - 2543
NIP,NI REG GP - Calder - EUR - 1333
NIP,NI Reg SCA SICAV-RAIF - Calder_EUR_0084
NIP,NI Reg SCSp SICAV-RAIF - Calder_EUR_5211
NIP,NI V CN SCSp - Havnvik - EUR - 3618
NIP,NI V CN SCSp - Calder - AUD 2041
NIP,NI V CN SCSp - Calder - CAD 0106
NIP,NI V CN SCSp - Calder - DKK 2538
NIP,NI V CN SCSp - Calder - EUR 8709
NIP,NI V CN SCSp - Calder - GBP 5339
NIP,NI V CN SCSp - Calder - JPY 9651
NIP,NI V CN SCSp - Calder - NOK 4240
NIP,NI V CN SCSp - Calder - NZD 4818
NIP,NI V CN SCSp - Calder - SEK 3536
NIP,NI V CN SCSp - Calder - USD 5560
NIP,NI V Co-Invest VEH A SCSp - Calder - CAD - 0023
NIP,NI V Co-Invest VEH A SCSp - Calder - DKK - 4727
NIP,NI V Co-Invest VEH A SCSp - Calder - EUR - 0423
NIP,NI V Co-Invest VEH A SCSp - Calder - GBP - 4816
NIP,NI V Co-Invest VEH A SCSp - Calder - USD - 4561
NIP,NI V Co-Invest VEH A SCSp - Bregnholm - EUR - 4358
NIP,NI V Co-Invest Vehicle A SCSp - Bregnholm - EUR- 0000
NIP,NI V Co-Invest Vehicle A SCSp - Bregnholm -USD - 2822
NIP,NI V Feeder SCA SICAV RAIF - Dankse - EUR - 2978
NIP,NI V Feeder SCA SICAV RAIF - Havnvik - USD - 9532
NIP,NI V Feeder SCA SICAV RAIF - Calder - EUR - 92422
NIP,NI V Feeder SCA SICAV-RAIF - B - Havnvik - EUR 4341
NIP,NI V FEEDER SCA SICAV-RAIF - B - Calder - EUR 6244
NIP,NI V Non-QFPF USD Feeder - Havnvik - EUR 4381
NIP,NI V Non-QFPF USD Feeder - Havnvik - USD 9817
NIP,NI V QFPF USD Feeder - Havnvik - EUR 2175
NIP,NI V QFPF USD Feeder - Havnvik - USD 5816
NIP,NI V SCA SICAV RAIF - Calder - EUR - 21066
NIP,NI V Sponsor US LP - Bregnholm - DKK - 6044269434
NIP,NI V US Non-QFPF EUR SCSp - Havnvik - USD - 4233
NIP,NI V USD Blocker - Havnvik - EUR 1388
NIP,NI V USD Blocker - Havnvik - USD 2858
NIP,NI V USD Feeder K/S - Calder - DKK - 4282
NIP,NI V USD Feeder K/S - Calder - EUR - 3321
NIP,NI V USD Feeder K/S - Calder - USD - 0850
NIP,NI V USD Feeder K/S-Havnvik - EUR - 0132
NIP,NI V USD Feeder K/S-Havnvik - USD - 2079
NIP,NIP – Inv Trans for Mark System
NIP,NIP V - Havnvik - AUD- 0175 55
NIP,NIP V - Havnvik - CAD - 13486
NIP,NIP V - Havnvik - DKK - 3369 76
NIP,NIP V - Havnvik - EUR - 4442 32
NIP,NIP V - Havnvik - EUR - 04791
NIP,NIP V - Havnvik - GBP - 32598
NIP,NIP V - Havnvik - JPY - 42233
NIP,NIP V - Havnvik - USD - 2133 68
NIP,NIP V - Havnvik - USD - 9210 49
NIP,NIP V - Calder - AUD - 0415
NIP,NIP V - Calder - CAD - 31532
NIP,NIP V - Calder - DKK - 0541
NIP,NIP V - Calder - EUR - 030041
NIP,NIP V - Calder - GBP - 3252
NIP,NIP V - Calder - JPY - 53070
NIP,NIP V - Calder - NZD - 41963
NIP,NIP V - Calder - SEK - 4220
NIP,NIP V - Calder - USD - 0103
NIP,NIP V - Bregnholm - EUR - 7498
NIP,NIP V EUR Blocker - Havnvik - EUR 1881
NIP,NIP V EUR Blocker - Calder - EUR 0843
NIP,NIP V GP - Havnvik - EUR - 0486 59
NIP,NIP V GP - Calder - EUR - 5033
NIP,NIP V GP I SCSp - Havnvik EUR - 6345
NIP,NIP V GP I SCSp - Calder EUR - 1211
NIP,NIP V NO SCSP - Havnvik - EUR - 5107
NIP,NIP V NO SCSP - Calder - EUR - 1253
NIP,NIP V QFPF USD Feeder - Calder - EUR - 15122
NIP,NIP V US A USD - Havnvik - EUR - 80448
NIP,NIP V US A USD - Havnvik - USD - 73755
NIP,NIP V US A USD - Calder - EUR - 28343
NIP,NIP V US A USD - Calder - USD - 01324
NIP,NIP V US B USD - Havnvik - EUR- 22513
NIP,NIP V US B USD - Havnvik - USD - 43439
NIP,NIP V US B USD - Calder - EUR - 75473
NIP,NIP V US B USD - Calder - USD - 15034
NIP,NIP V US Non-QFPF EUR - Havnvik - EUR - 4507
NIP,NIP V US Non-QFPF EUR - Havnvik - EUR - 51050
NIP,NIP V US Non-QFPF EUR - Havnvik - USD - 3135
NIP,NIP V US Non-QFPF EUR - Calder - EUR - 21454
NIP,NIP V US Non-QFPF EUR - Calder - USD - 43288
NIP,NIP V US Non-QFPF EUR BLOCKER - Calder - EUR - 77343
NIP,NIP V US Non-QFPF EUR Blocker - Calder - USD - 32855
NIP,NIP V US Non-QFPF USD Feeder - Calder - EUR - 08161
NIP,NIP V US QFPF EUR - Havnvik - EUR_52904
NIP,NIP V US QFPF EUR - Havnvik - USD_4519
NIP,NIP V US QFPF EUR - Havnvik - USD_14328
NIP,NIP V US QFPF EUR - Calder - EUR - 23365
NIP,NIP V US QFPF EUR - Calder - USD - 17020
NIP,NIP V USD Blocker Feeder - Calder - EUR - 08851
NIP,NIP V USD Feeder - Havnvik - EUR 3371
NIP,NIP V USD Feeder - Havnvik - USD - 5427
NIP,NIP V USD Feeder - Calder - EUR - 5212
NIP,NIP V USD Feeder - Calder - USD - 8862
NIP,D955-DKK-HVK-3953
NIP,D375-EUR-Calder-7122
NIP,D050-EUR-HVK-2525
NIP,D413-EUR-HVK-2431
NIP,RMK 0263 EUR
NIP,RMK 0792 EUR
NIP,HVK 3344 DKK
NIP,HVK NI Co-Invest KS - HVNK 8133 EUR
NIP,HVK NI Co-Invest KS - HVNK 5372 DKK
NIP,Freyr NI Co-Invest LP - Calder - CAD - 1624
NIP,Freyr NI Co-Invest LP - Calder - EUR - 1927
NIP,Freyr NI Co-Invest LP - Calder - EUR - 3324
NIP,Freyr NI Co-Invest LP - Calder - GBP - 2041
NIP,Freyr NI Co-Invest LP - Calder - USD - 5111
NIP,Freyr NI Co-Invest LP - Calder - USD - 3491
NIP,Magni NI Co-Invest SCSp - Calder DKK 5724
NIP,Magni NI Co-Invest SCSp - Calder EUR 1125
NIP,GMF II GP - Calder - EUR- 4641
NIP,GMF II GP - Calder - USD - 1091
NIP,Calder 0894 EUR
NIP,Calder 4192 USD
NIP,Calder 2810 DKK
NIP,Calder 8825 GBP
NIP,Calder 0061 EUR
NIP,IP NI Co-invest K/S - DKK-8550
NIP,IP NI Co-invest K/S - EUR-2939
NIP,IP NI Co-invest K/S - GBP-1969
NIP,Alcor - Calder - EUR - 1597
NIP,Kommanditselskabet - Bregnholm - DKK - 1417
NIP,Kommanditselskabet - Bregnholm - EUR - 7281
NIP,Alnair NI Co-Invest LP - Calder - EUR - 2916
NIP,Alnair NI Co-Invest LP - Calder - EUR - 1697
NIP,Alnair NI Co-Invest LP - Calder - USD - 1166
NIP,Avior NI Co-Invest SCSp - DKK - 1439
NIP,Avior NI Co-Invest SCSp - EUR - 5345
NIP,Avior NI Co-Invest SCSp - GBP - 0046
NIP,SCRF NI Co-Invest - Calder - EUR - 8299
NIP,SCRF NI Co-Invest GP - Calder - EUR - 3914
NIP,Whimbrel NI Co-Invest I SCSp - Calder - CAD - 1719
NIP,Whimbrel NI Co-Invest I SCSp - Calder - EUR - 6578
NIP,Whimbrel NI Co-Invest I SCSp - Calder - GBP - 4141
NIP,Woodruff NI Co-Invest SCSp - DKK - 2033
NIP,Woodruff NI Co-Invest SCSp - EUR - 4220
NIP,Woodruff NI Co-Invest SCSp - GBP - 1314
