Legal Entity,Investor,Vehicle
AGP NI Co-Invest I SCSp,Roskcombe Global Diversified Infrastructure Equity Fund II SCSp,AGP NI Co-Invest I SCSp - LP Interest
AGP NI Co-Invest I SCSp,Roskcombe Clangarth Infrastrukturfonds GmbH,AGP NI Co-Invest I SCSp - LP Interest
AGP NI Co-Invest I SCSp,VEM Infrastrukturfonds GmbH,AGP NI Co-Invest I SCSp - LP Interest
AGP NI Co-Invest I SCSp,Nordvik Infrastructure Co-Invest GP S.à r.l.,AGP NI Co-Invest I SCSp - GP Interest
DKP NI Co-Invest K/S,Yardvale Alderhurst,DKP NI Co-Invest K/S - LP Interest
Stanmore NI Co-Invest SCSp,Ferrdale Public Employees’ Retirement System,Stanmore NI Co-Invest SCSp - Class A
Stanmore NI Co-Invest SCSp,NIP Co-invest Blocker K/S,Stanmore NI Co-Invest SCSp - Class A
Stanmore NI Co-Invest SCSp,Nordvik Infrastructure Co-Invest GP S.à r.l.,Stanmore NI Co-Invest SCSp - GP
Stanmore NI Co-Invest SCSp,Nordvik Infrastructure Partners GP Interests Holding K/S,Stanmore NI Co-Invest SCSp - Class A
NI GCF I Direct Lending Non-US SCSp,Nordvik Infrastructure Green Credit Fund I Non-SRT AIV SCSp,NI GCF I Direct Lending Non-US SCSp - Ordinary Shares
NI GCF I Direct Lending Non-US SCSp,Nordvik Infrastructure Green Credit Fund I SCSp,NI GCF I Direct Lending Non-US SCSp - Ordinary Shares
NI GCF I Direct Lending US SCSp,Nordvik Infrastructure Green Credit Fund I Non-SRT AIV SCSp,NI GCF I Direct Lending US SCSp - Ordinary Shares
NI GCF I Direct Lending US SCSp,Nordvik Infrastructure Green Credit Fund I SCSp,NI GCF I Direct Lending US SCSp - Ordinary Shares
NI GCF I Velaris SCSp,NI GCF I Direct Lending Non - US SCSp,NI GCF I Velaris SCSp - Initial Limited Partner
NI GCF I Velaris SCSp,NI III GP II ApS,NI GCF I Velaris SCSp - Limited Partner
NI GCF I Velaris SCSp,Nordvik Infrastructure GCF I GP S.à r.l.,Nordvik Infrastructure GCF I Velaris SCSp - GP
NI GCF I Velaris SCSp,Fairley Drayford jerrshaw westdale,NI GCF I Velaris SCSp - Limited Partner
NI GCF I Velaris SCSp,"Hollmere B II - R Blocker, L.P.",NI GCF I Velaris SCSp - Limited Partner
NI NKP Co-Invest I SCSp,NI III GP II ApS,NI NKP Co-Invest I SCSp
NI NKP Co-Invest I SCSp,Nordvik Infrastructure Co-Invest GP S.à r.l.,NI NKP Co-Invest I SCSp - GP Interest
NI NKP Co-Invest I SCSp,Fairley Drayford jerrshaw westdale,NI NKP Co-Invest I SCSp
NI Regulated Energy Grids SCA SICAV-RAIF – Compartment A,Nordvik Infrastructure REG GP S.à r.l,NI Regulated Energy Grids SCA SICAV-RAIF - GP Interest
NI Regulated Energy Grids SCA SICAV-RAIF – Compartment A,Nordvik Infrastructure Regulated Energy Grids SCSp SICAV-RAIF,NI Regulated Energy Grids SCA SICAV-RAIF - LP Interest
NI V Co-Invest Vehicle A SCSp,Selmere LUQ-Fonden (Selgarth National Pension Fund - LUQ2),NI V Co-Invest Vehicle A SCSp
NI V Co-Invest Vehicle A SCSp,Lanfield to Trentholm Fairhurst LP,NI V Co-Invest Vehicle A SCSp
NI V Co-Invest Vehicle A SCSp,Lanfield to Trentholm Lammley LP,NI V Co-Invest Vehicle A SCSp
NI V Co-Invest Vehicle A SCSp,Lanfield to Trentholm Grenford Thurworth LP,NI V Co-Invest Vehicle A SCSp
NI V Co-Invest Vehicle A SCSp,Lanfield to Trentholm Roskworth Merrford,NI V Co-Invest Vehicle A SCSp
NI V Co-Invest Vehicle A SCSp,Lanfield to Trentholm Roskworth Merrford LP,NI V Co-Invest Vehicle A SCSp
NI V Co-Invest Vehicle A SCSp,Lanfield to Trentholm Nethbeck Merrford LP,NI V Co-Invest Vehicle A SCSp
NI V Co-Invest Vehicle A SCSp,Lanfield to Trentholm Nethbeck Merrford LP (side car),NI V Co-Invest Vehicle A SCSp
NI V Co-Invest Vehicle A SCSp,Lanfield to Trentholm Wrenvale LP,NI V Co-Invest Vehicle A SCSp
NI V Co-Invest Vehicle A SCSp,Lanfield to Trentholm Lanworth & Westcombe LP,NI V Co-Invest Vehicle A SCSp
NI V Co-Invest Vehicle A SCSp,Lanfield to Trentholm Carrworth LP,NI V Co-Invest Vehicle A SCSp
NI V Co-Invest Vehicle A SCSp,NI NKP Co Invest I SCSp,NI V Co-Invest Vehicle A SCSp - Class A
NI V Co-Invest Vehicle A SCSp,Nordvik Infrastructure Co-Invest GP S.à r.l.,NI V Co-Invest Vehicle A SCSp
NI V Co-Invest Vehicle A SCSp,Nordvik Infrastructure SWIC Co-invest Vehicle I SCSp,NI V Co-Invest Vehicle A SCSp
NI V Co-Invest Vehicle A SCSp,DK NI Co-invest K/S,NI V Co-Invest Vehicle A SCSp
NI V Co-Invest Vehicle A SCSp,Fairley Drayford jerrshaw westdale,NI V Co-Invest Vehicle A SCSp
NI V Co-Invest Vehicle A SCSp,SCRF NI Co-invest SCSp,NI V Co-Invest Vehicle A SCSp
NI V Co-Invest Vehicle A SCSp,"HIQ Pension, forsikringsaktieselskab",NI V Co-Invest Vehicle A SCSp
NI V Co-Invest Vehicle A SCSp,GAD Eddhurst Corp.,NI V Co-Invest Vehicle A SCSp
NI V Co-Invest Vehicle A SCSp,"JAK Alternative Investments S.A., SICAV-RAIF, sub-fund I",NI V Co-Invest Vehicle A SCSp
NI V GP I SCSp,Nordvik Infrastructure V GP S.à r.l.,NI V GP I SCSp - Class A
NI V GP I SCSp,Nordvik Infrastructure V GP S.à r.l.,NI V GP I SCSp - General Partner
NI V GP I SCSp,WID GP Investor AS,NI V GP I SCSp - Class A
NI V Sponsor Investor US LP,NI V Sponsor Investor K/S,NI V Sponsor Investor US LP - Denhurst LP
NI V Sponsor Investor US LP,NI V Sponsor Investor US K/S,NI V Sponsor Investor US LP - LP Contributor
NI V Sponsor Investor US LP,Nordvik Infrastructure V US GP A LLC,NI V Sponsor Investor US LP - General Partner
Nordvik Infrastructure Advanced Bioenergy Fund I Feeder SCSp,Selmere LUQ-fonden (Second Selgarth National Pension Fund - LUQ2),Nordvik Infrastructure Advanced Bioenergy Fund I Feeder SCSp - Class A
Nordvik Infrastructure Advanced Bioenergy Fund I Feeder SCSp,Nordvik Infrastructure Advanced Bioenergy Fund I GP S.à r.l.,Nordvik Infrastructure Advanced Bioenergy Fund I Feeder SCSp - GP
Nordvik Infrastructure Advanced Bioenergy Fund I Feeder SCSp,Larchford LUQ-fonden,Nordvik Infrastructure Advanced Bioenergy Fund I Feeder SCSp - Class A
Nordvik Infrastructure Advanced Bioenergy Fund I GP S.à r.l.,Nordvik Infrastructure Partners GP Interests Holding K/S,Nordvik Infrastructure Advanced Bioenergy Fund I GP S.à r.l.
Nordvik Infrastructure Advanced Bioenergy Fund I SCSp,Roskcombe Retraite,Nordvik Infrastructure Advanced Bioenergy Fund I SCSp - Class A
Nordvik Infrastructure Advanced Bioenergy Fund I SCSp,CER-Ardvik 95,Nordvik Infrastructure Advanced Bioenergy Fund I SCSp - Class A
Nordvik Infrastructure Advanced Bioenergy Fund I SCSp,VEM-Ardvik 84,Nordvik Infrastructure Advanced Bioenergy Fund I SCSp - Class A
Nordvik Infrastructure Advanced Bioenergy Fund I SCSp,CIS-Ardvik 63 Vermögensverwaltungsgesellschaft mbH,Nordvik Infrastructure Advanced Bioenergy Fund I SCSp - Class A
Nordvik Infrastructure Advanced Bioenergy Fund I SCSp,CIS-Ardvik 83,Nordvik Infrastructure Advanced Bioenergy Fund I SCSp - Class A
Nordvik Infrastructure Advanced Bioenergy Fund I SCSp,KUM Ardvik 87,Nordvik Infrastructure Advanced Bioenergy Fund I SCSp - Class A
Nordvik Infrastructure Advanced Bioenergy Fund I SCSp,KUM-Ardvik 82,Nordvik Infrastructure Advanced Bioenergy Fund I SCSp - Class A
Nordvik Infrastructure Advanced Bioenergy Fund I SCSp,Bundespensionskasse BRACKEN - QOF 11,Nordvik Infrastructure Advanced Bioenergy Fund I SCSp - Class A
Nordvik Infrastructure Advanced Bioenergy Fund I SCSp,NI ABF I SP Invest K/S,Nordvik Infrastructure Advanced Bioenergy Fund I SCSp - Class C
Nordvik Infrastructure Advanced Bioenergy Fund I SCSp,NI ABF I Sponsor Investor K/S,Nordvik Infrastructure Advanced Bioenergy Fund I SCSp - Class B
Nordvik Infrastructure Advanced Bioenergy Fund I SCSp,NI ABF I Sponsor Investor K/S,Nordvik Infrastructure Advanced Bioenergy Fund I SCSp - Class C
Nordvik Infrastructure Advanced Bioenergy Fund I SCSp,NI ABF I Sponsor Investor US KS,Nordvik Infrastructure Advanced Bioenergy Fund I SCSp - Class B
Nordvik Infrastructure Advanced Bioenergy Fund I SCSp,NIP Affiliated Managers ApS,Nordvik Infrastructure Advanced Bioenergy Fund I SCSp - Class A
Nordvik Infrastructure Advanced Bioenergy Fund I SCSp,NIP Global Energy Transition Aggregator - I,Nordvik Infrastructure Advanced Bioenergy Fund I SCSp - Class A
Nordvik Infrastructure Advanced Bioenergy Fund I SCSp,NIP Global Energy Transition Aggregator - I,Sub-Class A
Nordvik Infrastructure Advanced Bioenergy Fund I SCSp,NIP Global Energy Transition Feeder,Sub-Class A
Nordvik Infrastructure Advanced Bioenergy Fund I SCSp,NIP Global Energy Transition Master – I,Sub-Class A
Nordvik Infrastructure Advanced Bioenergy Fund I SCSp,Nordvik Infrastructure ABF I GP S.à r.l.,Nordvik Infrastructure Advanced Bioenergy Fund I SCSp - GP Interest
Nordvik Infrastructure Advanced Bioenergy Fund I SCSp,Nordvik Infrastructure Advanced Bioenergy Fund I Feeder SCSp,Nordvik Infrastructure Advanced Bioenergy Fund I SCSp - Class A
Nordvik Infrastructure Advanced Bioenergy Fund I SCSp,Nordvik Infrastructure Advanced Bioenergy Fund I GP S.à r.l.,Nordvik Infrastructure Advanced Bioenergy Fund I SCSp - Class A
Nordvik Infrastructure Advanced Bioenergy Fund I SCSp,Innley Verrholm A/S,Nordvik Infrastructure Advanced Bioenergy Fund I SCSp - Class A
Nordvik Infrastructure Advanced Bioenergy Fund I SCSp,Lindmere Pension - Pensionskassen for Innstead,Nordvik Infrastructure Advanced Bioenergy Fund I SCSp - Class A
Nordvik Infrastructure Advanced Bioenergy Fund I SCSp,Wickdale Pensionsforsikringsaktieselskab,Nordvik Infrastructure Advanced Bioenergy Fund I SCSp - Class A
Nordvik Infrastructure Advanced Bioenergy Fund I SCSp,Grenbury Bank Co. Ltd.,Nordvik Infrastructure Advanced Bioenergy Fund I SCSp - Class A
Nordvik Infrastructure Advanced Bioenergy Fund I SCSp,K&R Holding A/S,Nordvik Infrastructure Advanced Bioenergy Fund I SCSp - Class A
Nordvik Infrastructure Advanced Bioenergy Fund I SCSp,Aeroven Wind Systems A/S,Nordvik Infrastructure Advanced Bioenergy Fund I SCSp - Class A
Nordvik Infrastructure Advanced Bioenergy Fund II QFPF SCSp,Nordvik Infrastructure ABF II GP S.à r.l.,Nordvik Infrastructure Advanced Bioenergy Fund II QFPF SCSp - GP Interest
Nordvik Infrastructure Advanced Bioenergy Fund II QFPF SCSp,Lindmere Pension - Pensionskassen for Innstead,Nordvik Infrastructure Advanced Bioenergy Fund II QFPF SCSp - Class A
Nordvik Infrastructure Advanced Bioenergy Fund II QFPF SCSp,Wickdale Pensionsforsikringsaktieselskab,Nordvik Infrastructure Advanced Bioenergy Fund II QFPF SCSp - Class A
Nordvik Infrastructure Advanced Bioenergy Fund II SCSp,Nordvik Infrastructure ABF II GP S.à r.l.,Nordvik Infrastructure Advanced Bioenergy Fund II SCSp - GP Interest
Nordvik Infrastructure Advanced Bioenergy Fund II SCSp,Ashdale Linddale- hollmont Wrenshaw,Nordvik Infrastructure Advanced Bioenergy Fund II SCSp - Class A
Nordvik Infrastructure Evergreen Credit Fund EUR SCSp,Ferrvale - Wickstead Pensionskasse,Nordvik Infrastructure Evergreen Credit Fund EUR SCSp
Nordvik Infrastructure Evergreen Credit Fund EUR SCSp,Nordvik Infrastructure GCF II GP S.à r.l.,Nordvik Infrastructure Evergreen Credit Fund EUR SCSp
Nordvik Infrastructure Evergreen Credit Fund EUR SCSp,Cantbury Pension – pensionskassen for innstead,Nordvik Infrastructure Evergreen Credit Fund EUR SCSp
Nordvik Infrastructure Evergreen Credit Fund EUR SCSp,Losley Pension forsikringsaktieselskab,Nordvik Infrastructure Evergreen Credit Fund EUR SCSp
Nordvik Infrastructure GCF I GP S.à r.l.,Nordvik Infrastructure Partners GP Interests Holding K/S,Nordvik Infrastructure GCF I GP S.à r.l. - Initial Partner
Nordvik Infrastructure GMF II GP S.à r.l.,Nordvik Infrastructure Partners GP Interests Holding K/S,Nordvik Infrastructure GMF II GP S.à r.l. - Founding Shareholder
Nordvik Infrastructure Green Credit Fund I Non-SRT AIV SCSp,NI GCF I Sponsor Investor K/S,Nordvik Infrastructure Green Credit Fund I Non-SRT AIV SCSp - Class B
Nordvik Infrastructure Green Credit Fund I Non-SRT AIV SCSp,NI GCF I Sponsor Investor K/S,Nordvik Infrastructure Green Credit Fund I Non-SRT AIV SCSp - Class C
Nordvik Infrastructure Green Credit Fund I Non-SRT AIV SCSp,Nordvik Infrastructure GCF I GP S.à r.l.,Nordvik Infrastructure Green Credit Fund I Non-SRT AIV SCSp - GP
Nordvik Infrastructure Green Credit Fund I Non-SRT AIV SCSp,Nordvik Infrastructure Partners GP Interests Holding K/S,Nordvik Infrastructure Green Credit Fund I Non-SRT AIV SCSp - Initial Limited Partner
Nordvik Infrastructure Green Credit Fund I Non-SRT AIV SCSp,Fairley Drayford jerrshaw westdale,Nordvik Infrastructure Green Credit Fund I Non-SRT AIV SCSp - Class A Ordinary Shares
Nordvik Infrastructure Green Credit Fund I Non-SRT AIV SCSp,Lindmere Pension - Pensionskassen for Innstead,Nordvik Infrastructure Green Credit Fund I Non-SRT AIV SCSp - Class A Ordinary Shares
Nordvik Infrastructure Green Credit Fund I Non-SRT AIV SCSp,"P+, Pensionskassen for Tarnley",Nordvik Infrastructure Green Credit Fund I Non-SRT AIV SCSp - Class A Ordinary Shares
Nordvik Infrastructure Green Credit Fund I Non-SRT AIV SCSp,Losley Pension forsikringsaktieselskab,Nordvik Infrastructure Green Credit Fund I Non-SRT AIV SCSp - Class A Ordinary Shares
Nordvik Infrastructure Green Credit Fund I Non-SRT AIV SCSp,NEQ Alderstead Master S.A. SICAV-MAZ – Teilfonds ZIJ,Nordvik Infrastructure Green Credit Fund I Non-SRT AIV SCSp - Class A Ordinary Shares
Nordvik Infrastructure Green Credit Fund I SCSp,NI GCF I SP Invest K/S,Nordvik Infrastructure Green Credit Fund I SCSp - Class C
Nordvik Infrastructure Green Credit Fund I SCSp,NI GCF I Sponsor Investor K/S,Nordvik Infrastructure Green Credit Fund I SCSp - Class B
Nordvik Infrastructure Green Credit Fund I SCSp,NI GCF I Sponsor Investor K/S,Nordvik Infrastructure Green Credit Fund I SCSp - Class C
Nordvik Infrastructure Green Credit Fund I SCSp,NI GCF I Sponsor Investor WC K/S,Nordvik Infrastructure Green Credit Fund I SCSp - Class B
Nordvik Infrastructure Green Credit Fund I SCSp,ROQ HoldCo Ltd.,Nordvik Infrastructure Green Credit Fund I SCSp - Class C
Nordvik Infrastructure Green Credit Fund I SCSp,NIP Global Energy Transition Aggregator - I,Nordvik Infrastructure Green Credit Fund I SCSp - Class A Ordinary Shares
Nordvik Infrastructure Green Credit Fund I SCSp,NIP Global Energy Transition Master – I,Sub-Class A
Nordvik Infrastructure Green Credit Fund I SCSp,Nordvik Infrastructure GCF I GP S.à r.l.,Nordvik Infrastructure Green Credit Fund I SCSp - GP
Nordvik Infrastructure Green Credit Fund I SCSp,Nordvik Infrastructure Partners GP Interests Holding K/S,Nordvik Infrastructure Green Credit Fund I SCSp - Initial Limited Partner
Nordvik Infrastructure Green Credit Fund I SCSp,"Tarnwick General Lease Co., Ltd.",Nordvik Infrastructure Green Credit Fund I SCSp - Class A Ordinary Shares
Nordvik Infrastructure Green Credit Fund I SCSp,Kelmbury Investment Pte. Ltd.,Nordvik Infrastructure Green Credit Fund I SCSp - Class A Ordinary Shares
Nordvik Infrastructure Green Credit Fund I SCSp,Chalthorpe Wickley Larchdale,Nordvik Infrastructure Green Credit Fund I SCSp - Class A Ordinary Shares
Nordvik Infrastructure Green Credit Fund I SCSp,YARDSHAW NIQ LTD.,Nordvik Infrastructure Green Credit Fund I SCSp - Class A Ordinary Shares
Nordvik Infrastructure Green Credit Fund I SCSp,Aeroven Wind Systems A/S,Nordvik Infrastructure Green Credit Fund I SCSp - Class A Ordinary Shares
Nordvik Infrastructure Green Credit Fund II EUR SCSp,NI GCF II SP Invest K/S,Nordvik Infrastructure Green Credit Fund II SCSp - Class C
Nordvik Infrastructure Green Credit Fund II EUR SCSp,NI GCF II Sponsor Investor K/S,Nordvik Infrastructure Green Credit Fund II SCSp - Class B
Nordvik Infrastructure Green Credit Fund II EUR SCSp,NI GCF II Sponsor Investor K/S,Nordvik Infrastructure Green Credit Fund II SCSp - Class C
Nordvik Infrastructure Green Credit Fund II EUR SCSp,NIP Affiliated Managers ApS,Nordvik Infrastructure Green Credit Fund II SCSp - Class C
Nordvik Infrastructure Green Credit Fund II EUR SCSp,Nordvik Infrastructure Evergreen Credit Fund EUR SCSp,Nordvik Infrastructure Green Credit Fund II SCSp - Class A
Nordvik Infrastructure Green Credit Fund II EUR SCSp,Nordvik Infrastructure GCF II GP S.à r.l.,Nordvik Infrastructure Green Credit Fund II SCSp - GP Interest
Nordvik Infrastructure Green Credit Fund II EUR SCSp,Nordvik Infrastructure Partners GP Interests Holding K/S,Nordvik Infrastructure Green Credit Fund II SCSp - LP Interest
Nordvik Infrastructure Green Credit Fund II EUR SCSp,Brackhurst Investment Pte. Ltd.,Nordvik Infrastructure Green Credit Fund II SCSp - Class A
Nordvik Infrastructure Green Credit Fund II EUR SCSp,Fairley Drayford jerrshaw westdale,Nordvik Infrastructure Green Credit Fund II SCSp - Class A
Nordvik Infrastructure Green Credit Fund II EUR SCSp,YARDSHAW NIQ LTD.,Nordvik Infrastructure Green Credit Fund II SCSp - Class A
Nordvik Infrastructure Green Credit Fund II USD Blocked SCSp,Nordvik Infrastructure GCF II GP S.à r.l.,Nordvik Infrastructure Green Credit Fund II USD Blocker Feeder SCSp - GP Interest
Nordvik Infrastructure Green Credit Fund II USD Blocked SCSp,GAD Chalshaw Corp.,Nordvik Infrastructure Green Credit Fund II USD Blocker Feeder SCSp - Class A
Nordvik Infrastructure Green Credit Fund II USD SCSp,Nordvik Infrastructure GCF II GP S.à r.l.,Nordvik Infrastructure Green Credit Fund II USD SCSp - GP Interest
Nordvik Infrastructure Green Credit Fund II USD SCSp,Nordvik Infrastructure Green Credit Fund II USD Blocker Feeder SCSp,Nordvik Infrastructure Green Credit Fund II USD SCSp - Class A
Nordvik Infrastructure Green Credit Fund II USD SCSp,Nordvik Infrastructure Partners GP Interests Holding K/S,Nordvik Infrastructure Green Credit Fund II USD SCSp - LP Interest
Nordvik Infrastructure Growth Markets Fund II Feeder SCA SICAV-RAIF,Nordvik Infrastructure GMF II GP S.à r.l.,Nordvik Infrastructure Growth Markets Fund II Feeder SCA SICAV-RAIF - GP Interest
Nordvik Infrastructure Growth Markets Fund II Feeder SCA SICAV-RAIF,Nordvik Infrastructure Partners GP Interests Holding K/S,Nordvik Infrastructure Growth Markets Fund II Feeder SCA SICAV-RAIF - LP Interest
Nordvik Infrastructure Growth Markets Fund II Feeder SCA SICAV-RAIF – Access Compartment,Lammbury N.V. – Lammbury Impact Fund,Nordvik Infrastructure Growth Markets Fund II Feeder SCA SICAV-RAIF – Access Compartment - Class A
Nordvik Infrastructure Growth Markets Fund II Feeder SCA SICAV-RAIF – Access Compartment,Stroudthorpe Fund II RAIF-SICAV – Impact Thurford Fund,Nordvik Infrastructure Growth Markets Fund II Feeder SCA SICAV-RAIF – Access Compartment - Class A
Nordvik Infrastructure Growth Markets Fund II Feeder SCA SICAV-RAIF – Access Compartment,Stichting Stroudmere Dunbeck Elmhurst,Nordvik Infrastructure Growth Markets Fund II Feeder SCA SICAV-RAIF – Access Compartment - Class A
Nordvik Infrastructure Growth Markets Fund II Feeder SCA SICAV-RAIF – Access Compartment,Stichting Bedrijfstakpensioenfonds voor de Media CIF,Nordvik Infrastructure Growth Markets Fund II Feeder SCA SICAV-RAIF – Access Compartment - Class A
Nordvik Infrastructure Growth Markets Fund II Feeder SCA SICAV-RAIF – NKP Compartment,Fairley Drayford jerrshaw westdale,Nordvik Infrastructure Growth Markets Fund II Feeder SCA SICAV-RAIF – NKP Compartment - Class A
Nordvik Infrastructure Growth Markets Fund II Feeder SCSp,Glanbury Transformation (Blocker) SPV Ltd,Nordvik Infrastructure Growth Markets Fund II Feeder SCSp - Class A
Nordvik Infrastructure Growth Markets Fund II Feeder SCSp,Selmere LUQ-fonden (Second Selgarth National Pension Fund - LUQ2),Nordvik Infrastructure Growth Markets Fund II Feeder SCSp - Initial Limited Partner
Nordvik Infrastructure Growth Markets Fund II Feeder SCSp,Steencombe Vossshaw Foundation,Nordvik Infrastructure Growth Markets Fund II Feeder SCSp - Class A
Nordvik Infrastructure Growth Markets Fund II Feeder SCSp,Nordvik Infrastructure GMF II GP S.à r.l.,Nordvik Infrastructure Growth Markets Fund II Feeder SCSp - GP
Nordvik Infrastructure Growth Markets Fund II Feeder SCSp,Nordvik Infrastructure Partners GP Interests Holding K/S,Nordvik Infrastructure Growth Markets Fund II Feeder SCSp - Initial Limited Partner
Nordvik Infrastructure Growth Markets Fund II Feeder SCSp,Ferrgarth Tjänstepension AB,Nordvik Infrastructure Growth Markets Fund II Feeder SCSp - Class A
Nordvik Infrastructure Growth Markets Fund II Feeder SCSp,Green Wickfield (Foundation) Private Assets Offshore Class B (JEZ) LLC,Nordvik Infrastructure Growth Markets Fund II Feeder SCSp - Class A
Nordvik Infrastructure Growth Markets Fund II Feeder SCSp,Calder Investment Bank Holdings Limited,Nordvik Infrastructure Growth Markets Fund II Feeder SCSp - Class A
Nordvik Infrastructure Growth Markets Fund II Feeder SCSp,Renwick Ostcombe Pty Ltd ZAJ BOB 36 2025 Trust,Nordvik Infrastructure Growth Markets Fund II Feeder SCSp - Class A
Nordvik Infrastructure Growth Markets Fund II Feeder SCSp,Renwick Ostcombe Pty Ltd ZAJ BOB NOP 2025 Trust,Nordvik Infrastructure Growth Markets Fund II Feeder SCSp - Class A
Nordvik Infrastructure Growth Markets Fund II Feeder SCSp,Kirkvale pensionsstiftelse,Nordvik Infrastructure Growth Markets Fund II Feeder SCSp - Class A
Nordvik Infrastructure Growth Markets Fund II Feeder SCSp,KUN Tjänstepensionsförsäkring AB (grenberg),Nordvik Infrastructure Growth Markets Fund II Feeder SCSp - Class A
Nordvik Infrastructure Growth Markets Fund II Feeder SCSp,"Samchully Nordvik Growth Market II Private Placement Special Assets Fund 1 (acting by its trustee, Grenbury Bank)",Nordvik Infrastructure Growth Markets Fund II Feeder SCSp - Class A
Nordvik Infrastructure Growth Markets Fund II SCSp,Vossvale LLC,Nordvik Infrastructure Growth Markets Fund II SCSp - Class A
Nordvik Infrastructure Growth Markets Fund II SCSp,"Steencombe Asset Management Trentcombe, LP",Nordvik Infrastructure Growth Markets Fund II SCSp - Class A
Nordvik Infrastructure Growth Markets Fund II SCSp,NI GMF II SP Invest K/S,Nordvik Infrastructure Growth Markets Fund II SCSp - Class C
Nordvik Infrastructure Growth Markets Fund II SCSp,NI GMF II Sponsor Investor K/S,Nordvik Infrastructure Growth Markets Fund II SCSp - Class B
Nordvik Infrastructure Growth Markets Fund II SCSp,NI GMF II Sponsor Investor K/S,Nordvik Infrastructure Growth Markets Fund II SCSp - Class C
Nordvik Infrastructure Growth Markets Fund II SCSp,NIP Affiliated Managers ApS,Nordvik Infrastructure Growth Markets Fund II SCSp - Class C
Nordvik Infrastructure Growth Markets Fund II SCSp,NIP Global Energy Transition Aggregator - I,Nordvik Infrastructure Growth Markets Fund II SCSp - Class A
Nordvik Infrastructure Growth Markets Fund II SCSp,Nordvik Infrastructure GMF II GP S.à r.l.,Nordvik Infrastructure Growth Markets Fund II SCSp - GP
Nordvik Infrastructure Growth Markets Fund II SCSp,Nordvik Infrastructure Growth Markets Fund II Feeder SCA SICAV-RAIF – Access Compartment,Nordvik Infrastructure Growth Markets Fund II SCSp - Class A
Nordvik Infrastructure Growth Markets Fund II SCSp,Nordvik Infrastructure Growth Markets Fund II Feeder SCA SICAV-RAIF – NKP Compartment,Nordvik Infrastructure Growth Markets Fund II SCSp - Class A
Nordvik Infrastructure Growth Markets Fund II SCSp,Nordvik Infrastructure Growth Markets Fund II Feeder SCSp,Nordvik Infrastructure Growth Markets Fund II SCSp - Class A
Nordvik Infrastructure Growth Markets Fund II SCSp,Ashdale Linddale- hollmont Wrenshaw,Nordvik Infrastructure Growth Markets Fund II SCSp - Class A
Nordvik Infrastructure Growth Markets Fund II SCSp,Loscombe Yardford Steenbury BRACKEN,Nordvik Infrastructure Growth Markets Fund II SCSp - Class A
Nordvik Infrastructure Growth Markets Fund II SCSp,PUQ Skarsshaw SCS SICAV-RAIF,Nordvik Infrastructure Growth Markets Fund II SCSp - Class A
Nordvik Infrastructure Growth Markets Fund II SCSp,GOT-Havford Umbrella Fund S.A. SICAV-RAIF - GOT Fonds 5 Private Equity,Nordvik Infrastructure Growth Markets Fund II SCSp - Class A
Nordvik Infrastructure Growth Markets Fund II SCSp,Kelmvale Development Bank,Nordvik Infrastructure Growth Markets Fund II SCSp - Class A
Nordvik Infrastructure Growth Markets Fund II SCSp,Brinberg LLC,Nordvik Infrastructure Growth Markets Fund II SCSp - Class A
Nordvik Infrastructure Growth Markets Fund II SCSp,Green Wickfield (REM) Private Assets MOZ Holding Class B (CUC) LLC,Nordvik Infrastructure Growth Markets Fund II SCSp - Class A
Nordvik Infrastructure Growth Markets Fund II SCSp,Green Wickfield (Trust) Private Assets Class B (JEZ) LLC,Nordvik Infrastructure Growth Markets Fund II SCSp - Class A
Nordvik Infrastructure Growth Markets Fund II SCSp,"Bramwick Climate Capital II, LLC",Nordvik Infrastructure Growth Markets Fund II SCSp - Class A
Nordvik Infrastructure Growth Markets Fund II SCSp,"Ravwick Capital Renfield, LLC",Nordvik Infrastructure Growth Markets Fund II SCSp - Class A
Nordvik Infrastructure Growth Markets Fund II SCSp,ZIX SCSp,Nordvik Infrastructure Growth Markets Fund II SCSp - Class A
Nordvik Infrastructure Growth Markets Fund II SCSp,Lindvale Alternative Investment Fund – Climate I,Nordvik Infrastructure Growth Markets Fund II SCSp - Class A
Nordvik Infrastructure Growth Markets Fund II SCSp,"Non-Landale Portfolio, L.P.",Nordvik Infrastructure Growth Markets Fund II SCSp - Class A
Nordvik Infrastructure Growth Markets Fund II SCSp,"Non-Landale Portfolio, L.P.",Nordvik Infrastructure Growth Markets Fund II SCSp - Class A
Nordvik Infrastructure Growth Markets Fund II SCSp,Wickdale Pensionsforsikringsaktieselskab,Nordvik Infrastructure Growth Markets Fund II SCSp - Class A
Nordvik Infrastructure Growth Markets Fund II SCSp,"KIS Private Equity S.A., SICAV-RAIF – Teilfonds Tarnbury",Nordvik Infrastructure Growth Markets Fund II SCSp - Class A
Nordvik Infrastructure Growth Markets Fund II SCSp,MED Skarsshaw SCS SICAV-RAIF,Nordvik Infrastructure Growth Markets Fund II SCSp - Class A
Nordvik Infrastructure Growth Markets Fund II SCSp,Aeroven Wind Systems A/S,Nordvik Infrastructure Growth Markets Fund II SCSp - Class A
Nordvik Infrastructure SWIC Co-invest Vehicle I SCSp,Nordvik Infrastructure Co-Invest GP S.à r.l.,Nordvik Infrastructure SWIC Co-invest Vehicle I SCSp - GP Interest
Nordvik Infrastructure SWIC Co-invest Vehicle I SCSp,State of Clanholm Dunford State Investment Council,Nordvik Infrastructure SWIC Co-invest Vehicle I SCSp - LP Interest
Nordvik Infrastructure REG GP S.à r.l.,Nordvik Infrastructure Partners GP Interests Holding K/S,Nordvik Infrastructure REG GP S.à r.l.
Nordvik Infrastructure REG GP S.à r.l.,Nordvik Infrastructure Partners GP Interests Holding K/S,Nordvik Infrastructure REG GP S.à r.l. - General Partner
Nordvik Infrastructure Regulated Energy Grids SCSp SICAV-RAIF - Compartment A,Nordvik Infrastructure Partners GP Interests Holding K/S,Nordvik Infrastructure Regulated Energy Grids SCSp SICAV-RAIF - LP interest
Nordvik Infrastructure Regulated Energy Grids SCSp SICAV-RAIF - Compartment A,Nordvik Infrastructure REG GP S.à r.l,Nordvik Infrastructure Regulated Energy Grids SCSp SICAV-RAIF - GP interest
Nordvik Infrastructure Regulated Energy Grids SCSp SICAV-RAIF - Compartment A,Nordvik Infrastructure REG GP S.à r.l,Nordvik Infrastructure Regulated Energy Grids SCSp SICAV-RAIF - LP interest
Nordvik Infrastructure V CN SCSp,NI V Sponsor Investor K/S,Nordvik Infrastructure V CN SCSp - Class B
Nordvik Infrastructure V CN SCSp,NI V Sponsor Investor PD K/S,Nordvik Infrastructure V CN SCSp - Class B
Nordvik Infrastructure V CN SCSp,NI V Sponsor Investor US LP,Nordvik Infrastructure V CN SCSp - Class B
Nordvik Infrastructure V CN SCSp,Nordvik Infrastructure Partners Inc.,Nordvik Infrastructure V CN SCSp - Ordinary Share
Nordvik Infrastructure V CN SCSp,Nordvik Infrastructure V GP S.à r.l.,Nordvik Infrastructure V CN SCSp - Ordinary Share
Nordvik Infrastructure V CN SCSp,Ferrbury Investment Corporation,Nordvik Infrastructure V CN SCSp - Ordinary Share
Nordvik Infrastructure V EUR Blocker Feeder SCSp,Selmere LUQ-Fonden (LUQ2),Nordvik Infrastructure V EUR Blocker Feeder SCSp - Class A
Nordvik Infrastructure V EUR Blocker Feeder SCSp,Selmere LUQ-fonden (Second Selgarth National Pension Fund - LUQ2),Nordvik Infrastructure V EUR Blocker Feeder SCSp - Class A
Nordvik Infrastructure V EUR Blocker Feeder SCSp,DOJ Infrastructure 2023,Nordvik Infrastructure V EUR Blocker Feeder SCSp - Class A
Nordvik Infrastructure V EUR Blocker Feeder SCSp,THURBURY ASSURANCE VIE,Nordvik Infrastructure V EUR Blocker Feeder SCSp - Class A
Nordvik Infrastructure V EUR Blocker Feeder SCSp,THURBURY RETRAITE,Nordvik Infrastructure V EUR Blocker Feeder SCSp - Class A
Nordvik Infrastructure V EUR Blocker Feeder SCSp,Nordvik Infrastructure Partners GP Interests Holding K/S,NIP V EUR Blocker Feeder - Initial Partner
Nordvik Infrastructure V EUR Blocker Feeder SCSp,Nordvik Infrastructure V GP S.à r.l.,NIP V EUR Blocker Feeder General Partner
Nordvik Infrastructure V EUR Blocker Feeder SCSp,Havnvik Invest AIF-QUARTHORPE - Institutional Fund Administration 1,Nordvik Infrastructure V EUR Blocker Feeder SCSp - Class A
Nordvik Infrastructure V EUR Blocker Feeder SCSp,Havnvik Invest SICAV-SIF - Alternatives - Global Denhurst,Nordvik Infrastructure V EUR Blocker Feeder SCSp - Class A
Nordvik Infrastructure V EUR Blocker Feeder SCSp,Wrenley Investment Pte. Ltd.,Nordvik Infrastructure V EUR Blocker Feeder SCSp - Class A
Nordvik Infrastructure V EUR Blocker Feeder SCSp,Larchford LUQ-fonden,Nordvik Infrastructure V EUR Blocker Feeder SCSp - Class A
Nordvik Infrastructure V EUR Blocker Feeder SCSp,Ferrgarth ömsesidig livförsäkring,Nordvik Infrastructure V EUR Blocker Feeder SCSp - Class A
Nordvik Infrastructure V EUR Blocker Feeder SCSp,Ferrgarth ömsesidig sakförsäkring,Nordvik Infrastructure V EUR Blocker Feeder SCSp - Class A
Nordvik Infrastructure V EUR Blocker Feeder SCSp,Ferrgarth Tjänstepension AB,Nordvik Infrastructure V EUR Blocker Feeder SCSp - Class A
Nordvik Infrastructure V EUR Blocker Feeder SCSp,"HEB-Infrastruktur-Clanthorpe Manager-Fonds III S.C.S., SICAV-RAIF",Nordvik Infrastructure V EUR Blocker Feeder SCSp - Class A
Nordvik Infrastructure V EUR Blocker Feeder SCSp,Bramstead Investment Pte. Ltd,Nordvik Infrastructure V EUR Blocker Feeder SCSp - Class A
Nordvik Infrastructure V EUR Blocker Feeder SCSp,Norfield Kapitalanlagegesellschaft mbh acting for the account of Marhurst,Nordvik Infrastructure V EUR Blocker Feeder SCSp - Class A
Nordvik Infrastructure V EUR Blocker Feeder SCSp,Kirkvale pensionsstiftelse,Nordvik Infrastructure V EUR Blocker Feeder SCSp - Class A
Nordvik Infrastructure V EUR Blocker Feeder SCSp,KUN Tjänstepensionsförsäkring AB (grenberg),Nordvik Infrastructure V EUR Blocker Feeder SCSp - Class A
Nordvik Infrastructure V EUR Blocker Feeder SCSp,LAF Central Value Bramford/Opportunistic Infrastructure Partnership LP,Nordvik Infrastructure V EUR Blocker Feeder SCSp - Class A
Nordvik Infrastructure V EUR Blocker Feeder SCSp,Gelcombe LAF MET Ltd in its capacity as alternative investment fund manager of NAN Renewable Infrastructure Fund being an exempt unauthorised unit trust scheme,Nordvik Infrastructure V EUR Blocker Feeder SCSp - Class A
Nordvik Infrastructure V EUR Blocker Feeder SCSp,Tarnvik National Retirement Service,Nordvik Infrastructure V EUR Blocker Feeder SCSp - Class A
Nordvik Infrastructure V EUR Blocker Feeder SCSp,National Treasury Management Agency (as aldercombe and manager of the Davmont Marbeck Investment Fund),Nordvik Infrastructure V EUR Blocker Feeder SCSp - Class A
Nordvik Infrastructure V EUR Blocker Feeder SCSp,Nethstead Liabilities Fund Limited,Nordvik Infrastructure V EUR Blocker Feeder SCSp - Class A
Nordvik Infrastructure V EUR Blocker Feeder SCSp,"Grenbury NI V Investment Trust. No.1(EUR), acting by its trustee, NongHyup Bank",Nordvik Infrastructure V EUR Blocker Feeder SCSp - Class A
Nordvik Infrastructure V EUR Blocker Feeder SCSp,"Grenbury NI V Investment Trust. No.2(KRW), acting by its trustee, NongHyup Bank",Nordvik Infrastructure V EUR Blocker Feeder SCSp - Class A
Nordvik Infrastructure V EUR Blocker Feeder SCSp,"Hollmere B Infrastructure Eddfield Fund III, LP",Nordvik Infrastructure V EUR Blocker Feeder SCSp - Class A
Nordvik Infrastructure V EUR Blocker Feeder SCSp,Hollmere HIJ Infrastructure Eddfield Limited,Nordvik Infrastructure V EUR Blocker Feeder SCSp - Class A
Nordvik Infrastructure V EUR Blocker Feeder SCSp,Stichting Pensioenfonds Denberg Renmont,Nordvik Infrastructure V EUR Blocker Feeder SCSp - Class A
Nordvik Infrastructure V EUR Blocker Feeder SCSp,"The Fairwick-zellbeck NIQ Insurance Company, Limited",Nordvik Infrastructure V EUR Blocker Feeder SCSp - Class A
Nordvik Infrastructure V EUR Blocker Feeder SCSp,Lanmont-Investment-Yardthorpe S.A. acting in its own name and for the account of INFRASTRUKTUR-VEJ-Fonds FCP-FIS,Nordvik Infrastructure V EUR Blocker Feeder SCSp - Class A
Nordvik Infrastructure V Feeder SCA SICAV-RAIF - AIV compartment,PAJ Funds GmbH & Co. KG,Nordvik Infrastructure V Feeder SCA SICAV-RAIF - B compartment
Nordvik Infrastructure V Feeder SCA SICAV-RAIF - AIV compartment,Larchthorpe Holding GmbH,Nordvik Infrastructure V Feeder SCA SICAV-RAIF - B compartment
Nordvik Infrastructure V Feeder SCA SICAV-RAIF - AIV compartment,Nordvik Infrastructure Partners GP Interests Holding K/S,Nordvik Infrastructure V Feeder SCA SICAV-RAIF - Compartment B -  Limited Partner
Nordvik Infrastructure V Feeder SCA SICAV-RAIF - AIV compartment,Nordvik Infrastructure V GP S.à r.l.,Nordvik Infrastructure V Feeder SCA SICAV-RAIF - Compartment B - General Partner
Nordvik Infrastructure V Feeder SCA SICAV-RAIF - AIV compartment,Lanmont-Investment-Quarstead mbH acting in its own name for the account of PENBECK Private Markets Fonds - 575B01 Infrastruktur Equity,Nordvik Infrastructure V Feeder SCA SICAV-RAIF - AIV compartment - Ordinary Share
Nordvik Infrastructure V Feeder SCA SICAV-RAIF - EUR Compartment,PAJ Funds GmbH & Co. KG,Nordvik Infrastructure V Feeder SCA SICAV-RAIF - B compartment
Nordvik Infrastructure V Feeder SCA SICAV-RAIF - EUR Compartment,PAJ Funds GmbH & Co. KG,Nordvik Infrastructure V Feeder SCA SICAV-RAIF - Ordinary Share
Nordvik Infrastructure V Feeder SCA SICAV-RAIF - EUR Compartment,Larchthorpe Holding GmbH,Nordvik Infrastructure V Feeder SCA SICAV-RAIF - B compartment
Nordvik Infrastructure V Feeder SCA SICAV-RAIF - EUR Compartment,Larchthorpe Holding GmbH,Nordvik Infrastructure V Feeder SCA SICAV-RAIF - Ordinary Share
Nordvik Infrastructure V Feeder SCA SICAV-RAIF - EUR Compartment,Lanfield to Trentholm Fairhurst LP,Nordvik Infrastructure V Feeder SCA SICAV-RAIF - Ordinary Share
Nordvik Infrastructure V Feeder SCA SICAV-RAIF - EUR Compartment,Lanfield to Trentholm Lammley LP,Nordvik Infrastructure V Feeder SCA SICAV-RAIF - Ordinary Share
Nordvik Infrastructure V Feeder SCA SICAV-RAIF - EUR Compartment,Lanfield to Trentholm Grenford Thurworth LP,Nordvik Infrastructure V Feeder SCA SICAV-RAIF - Ordinary Share
Nordvik Infrastructure V Feeder SCA SICAV-RAIF - EUR Compartment,Lanfield to Trentholm Roskworth Merrford LP,Nordvik Infrastructure V Feeder SCA SICAV-RAIF - Ordinary Share
Nordvik Infrastructure V Feeder SCA SICAV-RAIF - EUR Compartment,Lanfield to Trentholm Nethbeck Merrford LP,Nordvik Infrastructure V Feeder SCA SICAV-RAIF - Ordinary Share
Nordvik Infrastructure V Feeder SCA SICAV-RAIF - EUR Compartment,Lanfield to Trentholm Nethbeck Merrford LP (side car),Nordvik Infrastructure V Feeder SCA SICAV-RAIF - Ordinary Share
Nordvik Infrastructure V Feeder SCA SICAV-RAIF - EUR Compartment,Lanfield to Trentholm Wrenvale LP,Nordvik Infrastructure V Feeder SCA SICAV-RAIF - Ordinary Share
Nordvik Infrastructure V Feeder SCA SICAV-RAIF - EUR Compartment,Lanfield to Trentholm Lanworth & Westcombe LP,Nordvik Infrastructure V Feeder SCA SICAV-RAIF - Ordinary Share
Nordvik Infrastructure V Feeder SCA SICAV-RAIF - EUR Compartment,Lanfield to Trentholm Carrworth LP,Nordvik Infrastructure V Feeder SCA SICAV-RAIF - Ordinary Share
Nordvik Infrastructure V Feeder SCA SICAV-RAIF - EUR Compartment,Nordvik Infrastructure Partners GP Interests Holding K/S,Nordvik Infrastructure V Feeder SCA SICAV-RAIF - Ordinary Share
Nordvik Infrastructure V Feeder SCA SICAV-RAIF - EUR Compartment,Nordvik Infrastructure V GP S.à r.l.,NI V Feeder SCA SICAV-RAIF - General Partner
Nordvik Infrastructure V Feeder SCA SICAV-RAIF - EUR Compartment,Fairley Drayford jerrshaw westdale,Nordvik Infrastructure V Feeder SCA SICAV-RAIF - Class A
Nordvik Infrastructure V Feeder SCA SICAV-RAIF - EUR Compartment,Lanmont-Investment-Quarstead mbH acting in its own name for the account of PENBECK Private Markets Fonds - 575B01 Infrastruktur Equity,Nordvik Infrastructure V Feeder SCA SICAV-RAIF - Ordinary Share
Nordvik Infrastructure V NO SCSp,NI V GP I SCSp,Nordvik Infrastructure V NO SCSp - Class A
Nordvik Infrastructure V NO SCSp,NI V Sponsor Investor K/S,Nordvik Infrastructure V NO SCSp - Class B
Nordvik Infrastructure V NO SCSp,NI V Sponsor Investor PD K/S,Nordvik Infrastructure V NO SCSp - Class B
Nordvik Infrastructure V NO SCSp,NI V Sponsor Investor US K/S,Nordvik Infrastructure V NO SCSp - Class B
Nordvik Infrastructure V NO SCSp,Nordvik Infrastructure V GP S.à r.l.,Nordvik Infrastructure V NO SCSp - Class B
Nordvik Infrastructure V NO SCSp,WID Draymere Funds AS,Nordvik Infrastructure V NO SCSp - Class A
Nordvik Infrastructure V SCSp,Haslwold FAR & Thurberg [Vossmont FAR 21HUT0],NIP V EUR - Class A
Nordvik Infrastructure V SCSp,Haslwold Vie [Vossmont DOK 01WEG0],NIP V EUR - Class A
Nordvik Infrastructure V SCSp,Dunbury Eastbury N.V.,NIP V EUR - Class A
Nordvik Infrastructure V SCSp,Ferrvale - Wickstead Pensionskasse,NIP V EUR - Class A
Nordvik Infrastructure V SCSp,Roskcombe Finance II Yardthorpe S.à r.l.,NIP V EUR - Class A
Nordvik Infrastructure V SCSp,Roskcombe Global Diversified Infrastructure Equity Fund II SCSp,NIP V EUR - Class A
Nordvik Infrastructure V SCSp,Roskcombe Global Real Assets and Private Markets Fund S.A. SICAV-RAIF - Roskcombe Global Infrastructure,NIP V EUR - Class A
Nordvik Infrastructure V SCSp,Roskcombe Clangarth Infrastrukturfonds GmbH,NIP V EUR - Class A
Nordvik Infrastructure V SCSp,Roskcombe Private Markets SCSp SICAV-RAIF-Fennbury I,NIP V EUR - Class A
Nordvik Infrastructure V SCSp,Larchberg Insurance Company,NIP V EUR - Larchberg Insurance (Climate)
Nordvik Infrastructure V SCSp,Larchberg Insurance Company,NIP V EUR - Larchberg Insurance(Infrastructure)
Nordvik Infrastructure V SCSp,Larchberg Insurance Company,NIP V EUR - Class A
Nordvik Infrastructure V SCSp,"Rendale-POV Fund SCS, SICAV-MAZ - Infrastruktur I",NIP V EUR - Class A
Nordvik Infrastructure V SCSp,LUQ Pension livsforsikringsaktieselskab,NIP V EUR - Class A
Nordvik Infrastructure V SCSp,VEM Infrastrukturfonds GmbH,NIP V EUR - Class A
Nordvik Infrastructure V SCSp,ApS Glanworth,NIP V EUR - Class A
Nordvik Infrastructure V SCSp,ApS HET,NIP V EUR - Class A
Nordvik Infrastructure V SCSp,ApS ZOF,NIP V EUR - Class A
Nordvik Infrastructure V SCSp,"DUNDALE Pensionskassen Aktiengesellschaft, QOF 11",NIP V EUR - Class A
Nordvik Infrastructure V SCSp,"DUNDALE Pensionskassen Aktiengesellschaft, QOF 12",NIP V EUR - Class A
Nordvik Infrastructure V SCSp,"DUNDALE Pensionskassen Aktiengesellschaft, QOF 2 / MOF 201",NIP V EUR - Class A
Nordvik Infrastructure V SCSp,"DUNDALE Pensionskassen Aktiengesellschaft, QOF 2 / MOF 202",NIP V EUR - Class A
Nordvik Infrastructure V SCSp,"DUNDALE Pensionskassen Aktiengesellschaft, QOF 22",NIP V EUR - Class A
Nordvik Infrastructure V SCSp,"DUNDALE Pensionskassen Aktiengesellschaft, QOF 35",NIP V EUR - Class A
Nordvik Infrastructure V SCSp,"DUNDALE Pensionskassen Aktiengesellschaft, QOF 36",NIP V EUR - Class A
Nordvik Infrastructure V SCSp,"DUNDALE Pensionskassen Aktiengesellschaft, QOF 37",NIP V EUR - Class A
Nordvik Infrastructure V SCSp,"DUNDALE Pensionskassen Aktiengesellschaft, QOF 39",NIP V EUR - Class A
Nordvik Infrastructure V SCSp,"DUNDALE Pensionskassen Aktiengesellschaft, QOF 5",NIP V EUR - Class A
Nordvik Infrastructure V SCSp,"DUNDALE Pensionskassen Aktiengesellschaft, QOF 7",NIP V EUR - Class A
Nordvik Infrastructure V SCSp,"DUNDALE Pensionskassen Aktiengesellschaft, QOF 9",NIP V EUR - Class A
Nordvik Infrastructure V SCSp,"DUNDALE Vorsorgekasse BRACKEN, MOF 1",NIP V EUR - Class A
Nordvik Infrastructure V SCSp,"DUNDALE Vorsorgekasse BRACKEN, MOF 2",NIP V EUR - Class A
Nordvik Infrastructure V SCSp,Brinshaw. Haldcombe Harrdale Davhurst,NIP V EUR - Class A
Nordvik Infrastructure V SCSp,NI V SP Invest K/S,NIP V EUR - Class C
Nordvik Infrastructure V SCSp,NI V Sponsor Investor F&F K/S,NIP V EUR - Class C
Nordvik Infrastructure V SCSp,NI V Sponsor Investor II K/S,NIP V EUR - Class C
Nordvik Infrastructure V SCSp,NI V Sponsor Investor K/S,NIP V EUR - Class B
Nordvik Infrastructure V SCSp,NI V Sponsor Investor K/S,NIP V EUR - Class C
Nordvik Infrastructure V SCSp,NI V Sponsor Investor PD K/S,NIP V EUR - Class B
Nordvik Infrastructure V SCSp,NI V Sponsor Investor US K/S,NIP V EUR - Class B
Nordvik Infrastructure V SCSp,NI V Sponsor Investor US LP,NIP V EUR - Class B
Nordvik Infrastructure V SCSp,NIP Affiliated Managers ApS,NIP V EUR - Class C
Nordvik Infrastructure V SCSp,NIP Global Energy Transition Aggregator - I,NIP V EUR - Class A
Nordvik Infrastructure V SCSp,NIP Holding 8 ApS,NIP V EUR - Class A
Nordvik Infrastructure V SCSp,Gelbeck Investment Fund,NIP V EUR - Class A
Nordvik Infrastructure V SCSp,Umbcombe Nethstead Pension Geldale,NIP V EUR - Class A
Nordvik Infrastructure V SCSp,"COMPTROLLER OF THE STATE OF CLANHOLM DEZ, AS TRUSTEE OF THE COMMON RETIREMENT FUND",NIP V EUR - Class A
Nordvik Infrastructure V SCSp,Nordvik Infrastructure Partners GP Interests Holding K/S,NIP V EUR - Initial Partner
Nordvik Infrastructure V SCSp,Nordvik Infrastructure V EUR Blocker Feeder SCSp,NIP V EUR - Class A
Nordvik Infrastructure V SCSp,Nordvik Infrastructure V Feeder SCA SICAV-RAIF - EUR Compartment,NIP V EUR - Class A
Nordvik Infrastructure V SCSp,Nordvik Infrastructure V GP S.à r.l.,NIP V EUR General Partner
Nordvik Infrastructure V SCSp,Nordvik Infrastructure V USD Blocker Feeder SCSp,NIP V EUR - Class A
Nordvik Infrastructure V SCSp,Nordvik Infrastructure V USD Feeder K/S,NIP V EUR - Class A
Nordvik Infrastructure V SCSp,Nordvik Infrastructure V USD Feeder SCSp,NIP V EUR - Class A
Nordvik Infrastructure V SCSp,Ashwold International S.A. acting on behalf of Ashwold Infrastruktur Tarnmere FCP-FIS - Teilfonds 1,NIP V EUR - Class A
Nordvik Infrastructure V SCSp,XAC SCSp,NIP V EUR - Class A
Nordvik Infrastructure V SCSp,ZAL Infrastructure I AS,NIP V EUR - Class A
Nordvik Infrastructure V SCSp,BEV Private Capital Haslstead GmbH,NIP V EUR - Class A
Nordvik Infrastructure V SCSp,RENVALE SICAV-RAIF - JIB Infrastruktur Teilfonds,NIP V EUR - Class A
Nordvik Infrastructure V SCSp,RENVALE SICAV-RAIF - BAG Infrastruktur Teilfonds,NIP V EUR - Class A
Nordvik Infrastructure V SCSp,VANCOMBE Holding ApS,NIP V EUR - Class C
Nordvik Infrastructure V SCSp,Kelmvale Infra Fonds SCSp SICAV-RAIF,NIP V EUR - Class A
Nordvik Infrastructure V SCSp,KAV Stanbury SCSp SICAV-RAIF,NIP V EUR - Class A
Nordvik Infrastructure V SCSp,Umbbeck Invest Kapitalanlagegesellschaft mbH acting for the account of the fund HEB-XUJ-Fonds (grenworth HEB-XUJ 5-Selstead),NIP V EUR - Class A
Nordvik Infrastructure V SCSp,KELMGARTH 2023 GmbH,NIP V EUR - Class A
Nordvik Infrastructure V SCSp,Infrastructure Access Portfolio-L 5 SCSp SICAV-RAIF - Teilfonds Impact,NIP V EUR - Class A
Nordvik Infrastructure V SCSp,Nethgarth ApS,NIP V EUR - Class A
Nordvik Infrastructure V SCSp,Brinbury Lindford GmbH,NIP V EUR - Class A
Nordvik Infrastructure V SCSp,Haslley Tjänstepensionsförening,NIP V EUR - Class A
Nordvik Infrastructure V SCSp,Kelmley Covwold Wickvale Garrthorpe Nethvale fund,NIP V EUR - Class A
Nordvik Infrastructure V SCSp,Garrdale Ormberg Quarworth Garrhurst Central Pension Fund Ltd. (Under Special Management),NIP V EUR - Class A
Nordvik Infrastructure V SCSp,Garrdale Yardwick Pension and Provident Center Cooperative Society Ltd. (Under Special Management),NIP V EUR - Class A
Nordvik Infrastructure V SCSp,"Havcombe Bank Co., Ltd.",NIP V EUR - Class A
Nordvik Infrastructure V SCSp,MOS Private Markets 13 SICAV-RAIF S.C.A.,NIP V EUR - Class A
Nordvik Infrastructure V SCSp,ZIX SCSp,NIP V EUR - Class A
Nordvik Infrastructure V SCSp,Lindmere Pension - Pensionskassen for Innstead,NIP V EUR - Class C
Nordvik Infrastructure V SCSp,Cantbury Pension – pensionskassen for innstead,NIP V EUR - Class A
Nordvik Infrastructure V SCSp,Brinwick Pension Forsikringsaktieselskab,NIP V EUR - Class A
Nordvik Infrastructure V SCSp,WUW Tarnmont A/S,NIP V EUR - Class A
Nordvik Infrastructure V SCSp,HUV Holding A/S,NIP V EUR - Class A
Nordvik Infrastructure V SCSp,Clanwick Private Equity ApS,NIP V EUR - Class A
Nordvik Infrastructure V SCSp,FUN A/S,NIP V EUR - Class A
Nordvik Infrastructure V SCSp,Gelcombe Borough Of Wrenthorpe Pension Fund,NIP V EUR - Class A
Nordvik Infrastructure V SCSp,"RON-Fonds S.A., SICAV-FIS - RON-Alternatives 2",NIP V EUR - Class A
Nordvik Infrastructure V SCSp,Dunwick – The Workers Social Insurance Fund Ltd. (Under Special Management),NIP V EUR - Class A
Nordvik Infrastructure V SCSp,Dunwick - The Workers Social Insurance Fund Ltd. (Under Special Management) on behalf of Chalbury and Wickvale Provident Fund 526,NIP V EUR - Class A
Nordvik Infrastructure V SCSp,MOR Holding ApS,NIP V EUR - Class C
Nordvik Infrastructure V SCSp,Redhurst Board of Investments,NIP V EUR - Class A
Nordvik Infrastructure V SCSp,"KEG Bank, Ltd.",NIP V EUR - Class A
Nordvik Infrastructure V SCSp,Mutuelle Quarbeck (Chalthorpe Bramberg),NIP V EUR - Class A
Nordvik Infrastructure V SCSp,TAD Private Markets GmbH,NIP V EUR - Class A
Nordvik Infrastructure V SCSp,RIF Global Diversified V K/S,NIP V EUR - Class A
Nordvik Infrastructure V SCSp,RIF Infrastructure Feeder Fund V SCSp,NIP V EUR - Class A
Nordvik Infrastructure V SCSp,JOJ Private Markets GmbH,NIP V EUR - Class A
Nordvik Infrastructure V SCSp,Wickmere Alternative Markets SCS SICAV-FIS – Wickmere Alternative Markets VIII,NIP V EUR - Class A
Nordvik Infrastructure V SCSp,Wickdale Pensionsforsikringsaktieselskab,NIP V EUR - Class A
Nordvik Infrastructure V SCSp,"HIQ Pension, forsikringsaktieselskab",NIP V EUR - Class A
Nordvik Infrastructure V SCSp,"MOQ Infra S.C.S., SICAV-RAIF - MOQ Infrastruktur I",NIP V EUR - Class A
Nordvik Infrastructure V SCSp,Zellvale II GmbH,NIP V EUR - Class A
Nordvik Infrastructure V SCSp,YARDSHAW NIQ LTD.,NIP V EUR - Class A
Nordvik Infrastructure V SCSp,Thurley,NIP V EUR - Class A
Nordvik Infrastructure V SCSp,Lammcombe ApS,NIP V EUR - Class A
Nordvik Infrastructure V SCSp,Stichting Algemeen Pensioenfonds TOC,NIP V EUR - Class A
Nordvik Infrastructure V SCSp,Hollvale Carrford Renewables ApS,NIP V EUR - Class A
Nordvik Infrastructure V SCSp,Garrmere Fennfield Trust Bank Limited,NIP V EUR - Class A
Nordvik Infrastructure V SCSp,GOW-Lammmere SCS SICAV-RAIF-HUL 1- GOW-Lammmere I,NIP V EUR - Class A
Nordvik Infrastructure V SCSp,Ostwold Bank BRACKEN,NIP V EUR - Class A
Nordvik Infrastructure V SCSp,The Lammdale Development Bank,NIP V EUR - Class A
Nordvik Infrastructure V SCSp,"Loswick Steenwold & Caldcombe Kirkhurst Insurance Co., Ltd.",NIP V EUR - Class A
Nordvik Infrastructure V SCSp,BAQ Private Markets GmbH,NIP V EUR - Class A
Nordvik Infrastructure V SCSp,NEX NI V ApS,NIP V EUR - Class C
Nordvik Infrastructure V SCSp,NEX Invest ApS,NIP V EUR - Class C
Nordvik Infrastructure V SCSp,"KELMSTEAD Capital Partners S.A., SICAV-RAIF - Infrastructure Equity Stanthorpe",NIP V EUR - Class A
Nordvik Infrastructure V SCSp,Eddcombe Pension Scheme Trustee Limited acting as Trustee of Eddcombe Pension Scheme,NIP V EUR - Class A
Nordvik Infrastructure V SCSp,University of Losthorpe Dunhurst Covdale and NIQ Assurance Scheme,NIP V EUR - Class A
Nordvik Infrastructure V SCSp,Wickmere State Retirement Investment Fund,NIP V EUR - Class A
Nordvik Infrastructure V SCSp,"JAK Alternative Investments S.A., SICAV-RAIF, sub-fund I",NIP V EUR - Class A
Nordvik Infrastructure V SCSp,LEN-Havford Global SCA SICAV-SIF - Private Infrastructure,NIP V EUR - Class A
Nordvik Infrastructure V SCSp,Aeroven Wind Systems A/S,NIP V EUR - Class A
Nordvik Infrastructure V SCSp,VUW Holding A/S,NIP V EUR - Class A
Nordvik Infrastructure V SCSp,Carrbeck Invest ApS,NIP V EUR - Class A
Nordvik Infrastructure V SCSp,XON Alternative Investment Fund I,NIP V EUR - Class A
Nordvik Infrastructure V SCSp,VEX Alternative Investment Fund I,NIP V EUR - Class A
Nordvik Infrastructure V SCSp,Ormley Versicherungs-AG,NIP V EUR - Class A
Nordvik Infrastructure V SCSp,VUB Alternative Investment Fund I,NIP V EUR - Class A
Nordvik Infrastructure V US A USD SCSp,Larchberg Insurance Company,CIV US A USD SCSp - Larchberg Insurance (Infrastructure)
Nordvik Infrastructure V US A USD SCSp,Larchberg Insurance Company,Nordvik Infrastructure V US A USD SCSp - Class A (Climate)
Nordvik Infrastructure V US A USD SCSp,NI V Sponsor Investor US K/S,NIP V US A USD - Initial Partner
Nordvik Infrastructure V US A USD SCSp,NI V Sponsor Investor US K/S,Nordvik Infrastructure V US A USD SCSp - Class B
Nordvik Infrastructure V US A USD SCSp,NI V US Sponsor Investor Inc.,Nordvik Infrastructure V US A USD SCSp - Class B
Nordvik Infrastructure V US A USD SCSp,Nordvik Infrastructure V GP S.à r.l.,NIP V US A USD - General Partner
Nordvik Infrastructure V US A USD SCSp,Nordvik Infrastructure V US QFPF EUR SCSp,Nordvik Infrastructure V US A USD SCSp - Class A
Nordvik Infrastructure V US B USD SCSp,Ferrdale Public Employees’ Retirement System,Nordvik Infrastructure V US B USD SCSp - Class A
Nordvik Infrastructure V US B USD SCSp,NI V PD Sponsor Investor K/S,Nordvik Infrastructure V US B USD SCSp - Class B
Nordvik Infrastructure V US B USD SCSp,NI V Sponsor Investor K/S,Nordvik Infrastructure V US B USD SCSp - Class B
Nordvik Infrastructure V US B USD SCSp,NI V Sponsor Investor US K/S,NIP V US B USD - Initial Partner
Nordvik Infrastructure V US B USD SCSp,NI V Sponsor Investor US K/S,Nordvik Infrastructure V US B USD SCSp - Class B
Nordvik Infrastructure V US B USD SCSp,Gelbeck Investment Fund,Nordvik Infrastructure V US B USD SCSp - Class A
Nordvik Infrastructure V US B USD SCSp,"COMPTROLLER OF THE STATE OF CLANHOLM DEZ, AS TRUSTEE OF THE COMMON RETIREMENT FUND",Nordvik Infrastructure V US B USD SCSp - Class A
Nordvik Infrastructure V US B USD SCSp,Nordvik Infrastructure V GP S.à r.l.,NIP V US B USD General Partner
Nordvik Infrastructure V US B USD SCSp,Redhurst Board of Investments,Nordvik Infrastructure V US B USD SCSp - Class A
Nordvik Infrastructure V US B USD SCSp,"Non-Landale Portfolio, L.P.",Nordvik Infrastructure V US B USD SCSp - Class A
Nordvik Infrastructure V US B USD SCSp,"Non-Landale Portfolio, L.P.",Nordvik Infrastructure V US B USD SCSp - Class A
Nordvik Infrastructure V US B USD SCSp,State of Clanholm Dunford State Investment Council,Nordvik Infrastructure V US B USD SCSp - Class A
Nordvik Infrastructure V US B USD SCSp,The Innbury Pension Fund,Nordvik Infrastructure V US B USD SCSp - Class A
Nordvik Infrastructure V US B USD SCSp,Wickmere State Retirement Investment Fund,Nordvik Infrastructure V US B USD SCSp - Class A
Nordvik Infrastructure V US B USD SCSp,Vanworth Pension Investment Commission,Nordvik Infrastructure V US B USD SCSp - Class A
Nordvik Infrastructure V US Non-QFPF EUR Blocker SCSp,Nordvik Infrastructure Partners GP Interests Holding K/S,NIP V US Non-QFPF EUR Blocker - Initial Partner
Nordvik Infrastructure V US Non-QFPF EUR Blocker SCSp,Nordvik Infrastructure V GP S.à r.l.,NIP V US Non-QFPF EUR Blocker General Partner
Nordvik Infrastructure V US Non-QFPF EUR Blocker SCSp,Nordvik Infrastructure V US Non-QFPF EUR SCSp,NIP V US Non-QFPF EUR Blocker - Initial Partner
Nordvik Infrastructure V US Non-QFPF EUR SCSp,Haslwold FAR & Thurberg [Vossmont FAR 21HUT0],Nordvik Infrastructure V US Non-QFPF EUR SCSp - Class A
Nordvik Infrastructure V US Non-QFPF EUR SCSp,Haslwold Vie [Vossmont DOK 01WEG0],Nordvik Infrastructure V US Non-QFPF EUR SCSp - Class A
Nordvik Infrastructure V US Non-QFPF EUR SCSp,Roskcombe Finance II Yardthorpe S.à r.l.,Nordvik Infrastructure V US Non-QFPF EUR SCSp - Class A
Nordvik Infrastructure V US Non-QFPF EUR SCSp,Roskcombe Global Diversified Infrastructure Equity Fund II SCSp,Nordvik Infrastructure V US Non-QFPF EUR SCSp - Class A
Nordvik Infrastructure V US Non-QFPF EUR SCSp,Roskcombe Global Real Assets and Private Markets Fund S.A. SICAV-RAIF - Roskcombe Global Infrastructure,Nordvik Infrastructure V US Non-QFPF EUR SCSp - Class A
Nordvik Infrastructure V US Non-QFPF EUR SCSp,Roskcombe Clangarth Infrastrukturfonds GmbH,Nordvik Infrastructure V US Non-QFPF EUR SCSp - Class A
Nordvik Infrastructure V US Non-QFPF EUR SCSp,Roskcombe Private Markets SCSp SICAV-RAIF-Fennbury I,Nordvik Infrastructure V US Non-QFPF EUR SCSp - Class A
Nordvik Infrastructure V US Non-QFPF EUR SCSp,"Rendale-POV Fund SCS, SICAV-MAZ - Infrastruktur I",Nordvik Infrastructure V US Non-QFPF EUR SCSp - Class A
Nordvik Infrastructure V US Non-QFPF EUR SCSp,VEM Infrastrukturfonds GmbH,Nordvik Infrastructure V US Non-QFPF EUR SCSp - Class A
Nordvik Infrastructure V US Non-QFPF EUR SCSp,ApS Glanworth,Nordvik Infrastructure V US Non-QFPF EUR SCSp - Class A
Nordvik Infrastructure V US Non-QFPF EUR SCSp,ApS HET,Nordvik Infrastructure V US Non-QFPF EUR SCSp - Class A
Nordvik Infrastructure V US Non-QFPF EUR SCSp,ApS ZOF,Nordvik Infrastructure V US Non-QFPF EUR SCSp - Class A
Nordvik Infrastructure V US Non-QFPF EUR SCSp,DOJ Infrastructure 2023,Nordvik Infrastructure V US Non-QFPF EUR SCSp - Class A
Nordvik Infrastructure V US Non-QFPF EUR SCSp,THURBURY ASSURANCE VIE,Nordvik Infrastructure V US Non-QFPF EUR SCSp - Class A
Nordvik Infrastructure V US Non-QFPF EUR SCSp,THURBURY RETRAITE,Nordvik Infrastructure V US Non-QFPF EUR SCSp - Class A
Nordvik Infrastructure V US Non-QFPF EUR SCSp,Brinshaw. Haldcombe Harrdale Davhurst,Nordvik Infrastructure V US Non-QFPF EUR SCSp - Class A
Nordvik Infrastructure V US Non-QFPF EUR SCSp,NI V SP Invest K/S,Nordvik Infrastructure V US Non-QFPF EUR SCSp - Class C
Nordvik Infrastructure V US Non-QFPF EUR SCSp,NI V Sponsor Investor F&F K/S,Nordvik Infrastructure V US Non-QFPF EUR SCSp - Class C
Nordvik Infrastructure V US Non-QFPF EUR SCSp,NI V Sponsor Investor II K/S,Nordvik Infrastructure V US Non-QFPF EUR SCSp - Class C
Nordvik Infrastructure V US Non-QFPF EUR SCSp,NI V Sponsor Investor US K/S,NIP V US Non-QFPF EUR - Initial Partner
Nordvik Infrastructure V US Non-QFPF EUR SCSp,NIP Affiliated Managers ApS,Nordvik Infrastructure V US Non-QFPF EUR SCSp - Class C
Nordvik Infrastructure V US Non-QFPF EUR SCSp,NIP Global Energy Transition Aggregator - I,Nordvik Infrastructure V US Non-QFPF EUR SCSp - Class A
Nordvik Infrastructure V US Non-QFPF EUR SCSp,NIP Holding 8 ApS,Nordvik Infrastructure V US Non-QFPF EUR SCSp - Class A
Nordvik Infrastructure V US Non-QFPF EUR SCSp,Nordvik Infrastructure Partners GP Interests Holding K/S,NIP V US Non-QFPF EUR - Initial Partner
Nordvik Infrastructure V US Non-QFPF EUR SCSp,Nordvik Infrastructure V Feeder SCA SICAV-RAIF - AIV Compartment,Nordvik Infrastructure V US Non-QFPF EUR SCSp - Class A
Nordvik Infrastructure V US Non-QFPF EUR SCSp,Nordvik Infrastructure V Feeder SCA SICAV-RAIF - EUR Compartment,Nordvik Infrastructure V US Non-QFPF EUR SCSp - Class A
Nordvik Infrastructure V US Non-QFPF EUR SCSp,Nordvik Infrastructure V GP S.à r.l.,NIP V US Non-QFPF EUR General Partner
Nordvik Infrastructure V US Non-QFPF EUR SCSp,Havnvik Invest AIF-QUARTHORPE - Institutional Fund Administration 1,Nordvik Infrastructure V US Non-QFPF EUR SCSp - Class A
Nordvik Infrastructure V US Non-QFPF EUR SCSp,Havnvik Invest SICAV-SIF - Alternatives - Global Denhurst,Nordvik Infrastructure V US Non-QFPF EUR SCSp - Class C
Nordvik Infrastructure V US Non-QFPF EUR SCSp,Ashwold International S.A. acting on behalf of Ashwold Infrastruktur Tarnmere FCP-FIS - Teilfonds 1,Nordvik Infrastructure V US Non-QFPF EUR SCSp - Class A
Nordvik Infrastructure V US Non-QFPF EUR SCSp,XAC SCSp,Nordvik Infrastructure V US Non-QFPF EUR SCSp - Class A
Nordvik Infrastructure V US Non-QFPF EUR SCSp,ZAL Infrastructure I AS,Nordvik Infrastructure V US Non-QFPF EUR SCSp - Class A
Nordvik Infrastructure V US Non-QFPF EUR SCSp,BEV Private Capital Haslstead GmbH,Nordvik Infrastructure V US Non-QFPF EUR SCSp - Class A
Nordvik Infrastructure V US Non-QFPF EUR SCSp,RENVALE SICAV-RAIF - JIB Infrastruktur Teilfonds,Nordvik Infrastructure V US Non-QFPF EUR SCSp - Class A
Nordvik Infrastructure V US Non-QFPF EUR SCSp,RENVALE SICAV-RAIF - BAG Infrastruktur Teilfonds,Nordvik Infrastructure V US Non-QFPF EUR SCSp - Class A
Nordvik Infrastructure V US Non-QFPF EUR SCSp,VANCOMBE Holding ApS,Nordvik Infrastructure V US Non-QFPF EUR SCSp - Class C
Nordvik Infrastructure V US Non-QFPF EUR SCSp,Ferrgarth ömsesidig livförsäkring,Nordvik Infrastructure V US Non-QFPF EUR SCSp - Class A
Nordvik Infrastructure V US Non-QFPF EUR SCSp,Ferrgarth ömsesidig sakförsäkring,Nordvik Infrastructure V US Non-QFPF EUR SCSp - Class A
Nordvik Infrastructure V US Non-QFPF EUR SCSp,Ferrgarth Tjänstepension AB,Nordvik Infrastructure V US Non-QFPF EUR SCSp - Class A
Nordvik Infrastructure V US Non-QFPF EUR SCSp,Kelmvale Infra Fonds SCSp SICAV-RAIF,Nordvik Infrastructure V US Non-QFPF EUR SCSp - Class A
Nordvik Infrastructure V US Non-QFPF EUR SCSp,KAV Stanbury SCSp SICAV-RAIF,Nordvik Infrastructure V US Non-QFPF EUR SCSp - Class A
Nordvik Infrastructure V US Non-QFPF EUR SCSp,Umbbeck Invest Kapitalanlagegesellschaft mbH acting for the account of the fund HEB-XUJ-Fonds (grenworth HEB-XUJ 5-Selstead),Nordvik Infrastructure V US Non-QFPF EUR SCSp - Class A
Nordvik Infrastructure V US Non-QFPF EUR SCSp,KELMGARTH 2023 GmbH,Nordvik Infrastructure V US Non-QFPF EUR SCSp - Class A
Nordvik Infrastructure V US Non-QFPF EUR SCSp,"HEB-Infrastruktur-Clanthorpe Manager-Fonds III S.C.S., SICAV-RAIF",Nordvik Infrastructure V US Non-QFPF EUR SCSp - Class A
Nordvik Infrastructure V US Non-QFPF EUR SCSp,Infrastructure Access Portfolio-L 5 SCSp SICAV-RAIF - Teilfonds Impact,Nordvik Infrastructure V US Non-QFPF EUR SCSp - Class A
Nordvik Infrastructure V US Non-QFPF EUR SCSp,Norfield Kapitalanlagegesellschaft mbh acting for the account of Marhurst,Nordvik Infrastructure V US Non-QFPF EUR SCSp - Class A
Nordvik Infrastructure V US Non-QFPF EUR SCSp,Nethgarth ApS,Nordvik Infrastructure V US Non-QFPF EUR SCSp - Class A
Nordvik Infrastructure V US Non-QFPF EUR SCSp,Brinbury Lindford GmbH,Nordvik Infrastructure V US Non-QFPF EUR SCSp - Class A
Nordvik Infrastructure V US Non-QFPF EUR SCSp,Kelmley Covwold Wickvale Garrthorpe Nethvale fund,Nordvik Infrastructure V US Non-QFPF EUR SCSp - Class A
Nordvik Infrastructure V US Non-QFPF EUR SCSp,Fairley Drayford jerrshaw westdale,Nordvik Infrastructure V US Non-QFPF EUR SCSp - Class A
Nordvik Infrastructure V US Non-QFPF EUR SCSp,Kirkvale pensionsstiftelse,Nordvik Infrastructure V US Non-QFPF EUR SCSp - Class A
Nordvik Infrastructure V US Non-QFPF EUR SCSp,"Havcombe Bank Co., Ltd.",Nordvik Infrastructure V US Non-QFPF EUR SCSp - Class A
Nordvik Infrastructure V US Non-QFPF EUR SCSp,"Lammdale Investment Corporation, solely in its capacity as agent for the Ministry of Alderdale and Finance of the Republic of Lammdale",Nordvik Infrastructure V US Non-QFPF EUR SCSp - Korea
Nordvik Infrastructure V US Non-QFPF EUR SCSp,KUN Tjänstepensionsförsäkring AB (grenberg),Nordvik Infrastructure V US Non-QFPF EUR SCSp - Class A
Nordvik Infrastructure V US Non-QFPF EUR SCSp,ZIX SCSp,Nordvik Infrastructure V US Non-QFPF EUR SCSp - Class A
Nordvik Infrastructure V US Non-QFPF EUR SCSp,WUW Tarnmont A/S,Nordvik Infrastructure V US Non-QFPF EUR SCSp - Class A
Nordvik Infrastructure V US Non-QFPF EUR SCSp,HUV Holding A/S,Nordvik Infrastructure V US Non-QFPF EUR SCSp - Class A
Nordvik Infrastructure V US Non-QFPF EUR SCSp,Clanwick Private Equity ApS,Nordvik Infrastructure V US Non-QFPF EUR SCSp - Class A
Nordvik Infrastructure V US Non-QFPF EUR SCSp,FUN A/S,Nordvik Infrastructure V US Non-QFPF EUR SCSp - Class A
Nordvik Infrastructure V US Non-QFPF EUR SCSp,Dunwick – The Workers Social Insurance Fund Ltd. (Under Special Management),Nordvik Infrastructure V US Non-QFPF EUR SCSp - Class A
Nordvik Infrastructure V US Non-QFPF EUR SCSp,Dunwick - The Workers Social Insurance Fund Ltd. (Under Special Management) on behalf of Chalbury and Wickvale Provident Fund 526,Nordvik Infrastructure V US Non-QFPF EUR SCSp - Class A
Nordvik Infrastructure V US Non-QFPF EUR SCSp,MOR Holding ApS,Nordvik Infrastructure V US Non-QFPF EUR SCSp - Class C
Nordvik Infrastructure V US Non-QFPF EUR SCSp,"KEG Bank, Ltd.",Nordvik Infrastructure V US Non-QFPF EUR SCSp - Class A
Nordvik Infrastructure V US Non-QFPF EUR SCSp,TAD Private Markets GmbH,Nordvik Infrastructure V US Non-QFPF EUR SCSp - Class A
Nordvik Infrastructure V US Non-QFPF EUR SCSp,RIF Global Diversified V K/S,Nordvik Infrastructure V US Non-QFPF EUR SCSp - Class A
Nordvik Infrastructure V US Non-QFPF EUR SCSp,RIF Infrastructure Feeder Fund V SCSp,Nordvik Infrastructure V US Non-QFPF EUR SCSp - Class A
Nordvik Infrastructure V US Non-QFPF EUR SCSp,Nethstead Liabilities Fund Limited,Nordvik Infrastructure V US Non-QFPF EUR SCSp - Class A
Nordvik Infrastructure V US Non-QFPF EUR SCSp,JOJ Private Markets GmbH,Nordvik Infrastructure V US Non-QFPF EUR SCSp - Class A
Nordvik Infrastructure V US Non-QFPF EUR SCSp,"MOQ Infra S.C.S., SICAV-RAIF - MOQ Infrastruktur I",Nordvik Infrastructure V US Non-QFPF EUR SCSp - Class A
Nordvik Infrastructure V US Non-QFPF EUR SCSp,Zellvale II GmbH,Nordvik Infrastructure V US Non-QFPF EUR SCSp - Class A
Nordvik Infrastructure V US Non-QFPF EUR SCSp,"Grenbury NI V Investment Trust. No.1(EUR), acting by its trustee, NongHyup Bank",Nordvik Infrastructure V US Non-QFPF EUR SCSp - Class A
Nordvik Infrastructure V US Non-QFPF EUR SCSp,"Grenbury NI V Investment Trust. No.2(KRW), acting by its trustee, NongHyup Bank",Nordvik Infrastructure V US Non-QFPF EUR SCSp - Class A
Nordvik Infrastructure V US Non-QFPF EUR SCSp,YARDSHAW NIQ LTD.,Nordvik Infrastructure V US Non-QFPF EUR SCSp - Class A
Nordvik Infrastructure V US Non-QFPF EUR SCSp,Thurley,Nordvik Infrastructure V US Non-QFPF EUR SCSp - Class A
Nordvik Infrastructure V US Non-QFPF EUR SCSp,Lammcombe ApS,Nordvik Infrastructure V US Non-QFPF EUR SCSp - Class A
Nordvik Infrastructure V US Non-QFPF EUR SCSp,Hollmere HIJ Infrastructure Eddfield Limited,Nordvik Infrastructure V US Non-QFPF EUR SCSp - Class A
Nordvik Infrastructure V US Non-QFPF EUR SCSp,Hollvale Carrford Renewables ApS,Nordvik Infrastructure V US Non-QFPF EUR SCSp - Class A
Nordvik Infrastructure V US Non-QFPF EUR SCSp,Garrmere Fennfield Trust Bank Limited,Nordvik Infrastructure V US Non-QFPF EUR SCSp - Class A
Nordvik Infrastructure V US Non-QFPF EUR SCSp,GOW-Lammmere SCS SICAV-RAIF-HUL 1- GOW-Lammmere I,Nordvik Infrastructure V US Non-QFPF EUR SCSp - Class A
Nordvik Infrastructure V US Non-QFPF EUR SCSp,Ostwold Bank BRACKEN,Nordvik Infrastructure V US Non-QFPF EUR SCSp - Class A
Nordvik Infrastructure V US Non-QFPF EUR SCSp,"The Fairwick-zellbeck NIQ Insurance Company, Limited",Nordvik Infrastructure V US Non-QFPF EUR SCSp - Class A
Nordvik Infrastructure V US Non-QFPF EUR SCSp,The Lammdale Development Bank,Nordvik Infrastructure V US Non-QFPF EUR SCSp - Class A
Nordvik Infrastructure V US Non-QFPF EUR SCSp,"Loswick Steenwold & Caldcombe Kirkhurst Insurance Co., Ltd.",Nordvik Infrastructure V US Non-QFPF EUR SCSp - Class A
Nordvik Infrastructure V US Non-QFPF EUR SCSp,BAQ Private Markets GmbH,Nordvik Infrastructure V US Non-QFPF EUR SCSp - Class A
Nordvik Infrastructure V US Non-QFPF EUR SCSp,NEX NI V ApS,Nordvik Infrastructure V US Non-QFPF EUR SCSp - Class C
Nordvik Infrastructure V US Non-QFPF EUR SCSp,NEX Invest ApS,Nordvik Infrastructure V US Non-QFPF EUR SCSp - Class C
Nordvik Infrastructure V US Non-QFPF EUR SCSp,"KELMSTEAD Capital Partners S.A., SICAV-RAIF - Infrastructure Equity Stanthorpe",Nordvik Infrastructure V US Non-QFPF EUR SCSp - Class A
Nordvik Infrastructure V US Non-QFPF EUR SCSp,Lanmont-Investment-Quarstead mbH acting in its own name for the account of PENBECK Private Markets Fonds - 575B01 Infrastruktur Equity,Nordvik Infrastructure V US Non-QFPF EUR SCSp - Ordinary Share
Nordvik Infrastructure V US Non-QFPF EUR SCSp,Lanmont-Investment-Yardthorpe S.A. acting in its own name and for the account of INFRASTRUKTUR-VEJ-Fonds FCP-FIS,Nordvik Infrastructure V US Non-QFPF EUR SCSp - Class A
Nordvik Infrastructure V US Non-QFPF EUR SCSp,LEN-Havford Global SCA SICAV-SIF - Private Infrastructure,Nordvik Infrastructure V US Non-QFPF EUR SCSp - Class A
Nordvik Infrastructure V US Non-QFPF EUR SCSp,Aeroven Wind Systems A/S,Nordvik Infrastructure V US Non-QFPF EUR SCSp - Class A
Nordvik Infrastructure V US Non-QFPF EUR SCSp,VUW Holding A/S,Nordvik Infrastructure V US Non-QFPF EUR SCSp - Class A
Nordvik Infrastructure V US Non-QFPF EUR SCSp,Carrbeck Invest ApS,Nordvik Infrastructure V US Non-QFPF EUR SCSp - Class A
Nordvik Infrastructure V US Non-QFPF EUR SCSp,Ormley Versicherungs-AG,Nordvik Infrastructure V US Non-QFPF EUR SCSp - Class A
Nordvik Infrastructure V US Non-QFPF USD Feeder SCSp,NI V Sponsor Investor US K/S,NIP V US Non-QFPF USD Feeder - Initial Partner
Nordvik Infrastructure V US Non-QFPF USD Feeder SCSp,Nordvik Infrastructure Partners GP Interests Holding K/S,NIP V US Non-QFPF USD Feeder - Initial Partner
Nordvik Infrastructure V US Non-QFPF USD Feeder SCSp,Nordvik Infrastructure V GP S.à r.l.,NIP V US Non-QFPF USD Feeder General Partner
Nordvik Infrastructure V US QFPF EUR SCSp,Dunbury Eastbury N.V.,Nordvik Infrastructure V US QFPF EUR SCSp - Class A
Nordvik Infrastructure V US QFPF EUR SCSp,Ferrvale - Wickstead Pensionskasse,Nordvik Infrastructure V US QFPF EUR SCSp - Class A
Nordvik Infrastructure V US QFPF EUR SCSp,Larchberg Insurance Company,Nordvik Infrastructure V US QFPF EUR SCSp - Larchberg Insurance (Infrastructure)
Nordvik Infrastructure V US QFPF EUR SCSp,Larchberg Insurance Company,Nordvik Infrastructure V US QFPF EUR SCSp - Class A (Climate)
Nordvik Infrastructure V US QFPF EUR SCSp,Selmere LUQ-fonden (Second Selgarth National Pension Fund - LUQ2),Nordvik Infrastructure V US QFPF EUR SCSp - Class A
Nordvik Infrastructure V US QFPF EUR SCSp,LUQ Pension livsforsikringsaktieselskab,Nordvik Infrastructure V US QFPF EUR SCSp - Class A
Nordvik Infrastructure V US QFPF EUR SCSp,"DUNDALE Pensionskassen Aktiengesellschaft, QOF 11",Nordvik Infrastructure V US QFPF EUR SCSp - Class A
Nordvik Infrastructure V US QFPF EUR SCSp,"DUNDALE Pensionskassen Aktiengesellschaft, QOF 12",Nordvik Infrastructure V US QFPF EUR SCSp - Class A
Nordvik Infrastructure V US QFPF EUR SCSp,"DUNDALE Pensionskassen Aktiengesellschaft, QOF 2 / MOF 201",Nordvik Infrastructure V US QFPF EUR SCSp - Class A
Nordvik Infrastructure V US QFPF EUR SCSp,"DUNDALE Pensionskassen Aktiengesellschaft, QOF 2 / MOF 202",Nordvik Infrastructure V US QFPF EUR SCSp - Class A
Nordvik Infrastructure V US QFPF EUR SCSp,"DUNDALE Pensionskassen Aktiengesellschaft, QOF 22",Nordvik Infrastructure V US QFPF EUR SCSp - Class A
Nordvik Infrastructure V US QFPF EUR SCSp,"DUNDALE Pensionskassen Aktiengesellschaft, QOF 35",Nordvik Infrastructure V US QFPF EUR SCSp - Class A
Nordvik Infrastructure V US QFPF EUR SCSp,"DUNDALE Pensionskassen Aktiengesellschaft, QOF 36",Nordvik Infrastructure V US QFPF EUR SCSp - Class A
Nordvik Infrastructure V US QFPF EUR SCSp,"DUNDALE Pensionskassen Aktiengesellschaft, QOF 37",Nordvik Infrastructure V US QFPF EUR SCSp - Class A
Nordvik Infrastructure V US QFPF EUR SCSp,"DUNDALE Pensionskassen Aktiengesellschaft, QOF 39",Nordvik Infrastructure V US QFPF EUR SCSp - Class A
Nordvik Infrastructure V US QFPF EUR SCSp,"DUNDALE Pensionskassen Aktiengesellschaft, QOF 5",Nordvik Infrastructure V US QFPF EUR SCSp - Class A
Nordvik Infrastructure V US QFPF EUR SCSp,"DUNDALE Pensionskassen Aktiengesellschaft, QOF 7",Nordvik Infrastructure V US QFPF EUR SCSp - Class A
Nordvik Infrastructure V US QFPF EUR SCSp,"DUNDALE Pensionskassen Aktiengesellschaft, QOF 9",Nordvik Infrastructure V US QFPF EUR SCSp - Class A
Nordvik Infrastructure V US QFPF EUR SCSp,"DUNDALE Vorsorgekasse BRACKEN, MOF 1",Nordvik Infrastructure V US QFPF EUR SCSp - Class A
Nordvik Infrastructure V US QFPF EUR SCSp,"DUNDALE Vorsorgekasse BRACKEN, MOF 2",Nordvik Infrastructure V US QFPF EUR SCSp - Class A
Nordvik Infrastructure V US QFPF EUR SCSp,Lanfield to Trentholm Fairhurst LP,Nordvik Infrastructure V US QFPF EUR SCSp - Ordinary shares
Nordvik Infrastructure V US QFPF EUR SCSp,Lanfield to Trentholm Lammley LP,Nordvik Infrastructure V US QFPF EUR SCSp - Ordinary shares
Nordvik Infrastructure V US QFPF EUR SCSp,Lanfield to Trentholm Grenford Thurworth LP,Nordvik Infrastructure V US QFPF EUR SCSp - Ordinary shares
Nordvik Infrastructure V US QFPF EUR SCSp,Lanfield to Trentholm Roskworth Merrford LP,Nordvik Infrastructure V US QFPF EUR SCSp - Ordinary shares
Nordvik Infrastructure V US QFPF EUR SCSp,Lanfield to Trentholm Nethbeck Merrford LP,Nordvik Infrastructure V US QFPF EUR SCSp - Ordinary shares
Nordvik Infrastructure V US QFPF EUR SCSp,Lanfield to Trentholm Nethbeck Merrford LP (side car),Nordvik Infrastructure V US QFPF EUR SCSp - Ordinary shares
Nordvik Infrastructure V US QFPF EUR SCSp,Lanfield to Trentholm Wrenvale LP,Nordvik Infrastructure V US QFPF EUR SCSp - Ordinary shares
Nordvik Infrastructure V US QFPF EUR SCSp,Lanfield to Trentholm Lanworth & Westcombe LP,Nordvik Infrastructure V US QFPF EUR SCSp - Ordinary shares
Nordvik Infrastructure V US QFPF EUR SCSp,Lanfield to Trentholm Carrworth LP,Nordvik Infrastructure V US QFPF EUR SCSp - Ordinary shares
Nordvik Infrastructure V US QFPF EUR SCSp,NI V Sponsor Investor K/S,NORDVIK INFRASTRUCTURE V US QFPF EUR SCSp - Class B
Nordvik Infrastructure V US QFPF EUR SCSp,NI V Sponsor Investor PD K/S,NORDVIK INFRASTRUCTURE V US QFPF EUR SCSp - Class B
Nordvik Infrastructure V US QFPF EUR SCSp,NI V Sponsor Investor US K/S,NIP V US QFPF EUR - Initial Partner
Nordvik Infrastructure V US QFPF EUR SCSp,NI V Sponsor Investor US K/S,NORDVIK INFRASTRUCTURE V US QFPF EUR SCSp - Class B
Nordvik Infrastructure V US QFPF EUR SCSp,Umbcombe Nethstead Pension Geldale,Nordvik Infrastructure V US QFPF EUR SCSp - Class A
Nordvik Infrastructure V US QFPF EUR SCSp,Nordvik Infrastructure V GP S.à r.l.,NIP V US QFPF EUR General Partner
Nordvik Infrastructure V US QFPF EUR SCSp,Nordvik Infrastructure V GP S.à r.l.,Nordvik Infrastructure V US QFPF EUR SCSp - Class A
Nordvik Infrastructure V US QFPF EUR SCSp,Nordvik Infrastructure V USD Feeder K/S,Nordvik Infrastructure V US QFPF EUR SCSp - Class A
Nordvik Infrastructure V US QFPF EUR SCSp,Wrenley Investment Pte. Ltd.,Nordvik Infrastructure V US QFPF EUR SCSp - Class A
Nordvik Infrastructure V US QFPF EUR SCSp,Larchford LUQ-fonden,Nordvik Infrastructure V US QFPF EUR SCSp - Class A
Nordvik Infrastructure V US QFPF EUR SCSp,Ferrbury Investment Corporation,Nordvik Infrastructure V US QFPF EUR SCSp - Ordinary shares
Nordvik Infrastructure V US QFPF EUR SCSp,Bramstead Investment Pte. Ltd,Nordvik Infrastructure V US QFPF EUR SCSp - Class A
Nordvik Infrastructure V US QFPF EUR SCSp,Haslley Tjänstepensionsförening,Nordvik Infrastructure V US QFPF EUR SCSp - Class A
Nordvik Infrastructure V US QFPF EUR SCSp,Garrdale Ormberg Quarworth Garrhurst Central Pension Fund Ltd. (Under Special Management),Nordvik Infrastructure V US QFPF EUR SCSp - Class A
Nordvik Infrastructure V US QFPF EUR SCSp,Garrdale Yardwick Pension and Provident Center Cooperative Society Ltd. (Under Special Management),Nordvik Infrastructure V US QFPF EUR SCSp - Class A
Nordvik Infrastructure V US QFPF EUR SCSp,MOS Private Markets 13 SICAV-RAIF S.C.A.,Nordvik Infrastructure V US QFPF EUR SCSp - Class A
Nordvik Infrastructure V US QFPF EUR SCSp,Cantbury Pension – pensionskassen for innstead,Nordvik Infrastructure V US QFPF EUR SCSp - Class A
Nordvik Infrastructure V US QFPF EUR SCSp,Brinwick Pension Forsikringsaktieselskab,Nordvik Infrastructure V US QFPF EUR SCSp - Class A
Nordvik Infrastructure V US QFPF EUR SCSp,LAF Central Value Bramford/Opportunistic Infrastructure Partnership LP,Nordvik Infrastructure V US QFPF EUR SCSp - Class A
Nordvik Infrastructure V US QFPF EUR SCSp,Gelcombe Borough Of Wrenthorpe Pension Fund,Nordvik Infrastructure V US QFPF EUR SCSp - Class A
Nordvik Infrastructure V US QFPF EUR SCSp,Gelcombe LAF MET Ltd in its capacity as alternative investment fund manager of NAN Renewable Infrastructure Fund being an exempt unauthorised unit trust scheme,Nordvik Infrastructure V US QFPF EUR SCSp - Class A
Nordvik Infrastructure V US QFPF EUR SCSp,"RON-Fonds S.A., SICAV-FIS - RON-Alternatives 2",Nordvik Infrastructure V US QFPF EUR SCSp - Class A
Nordvik Infrastructure V US QFPF EUR SCSp,Dunwick – The Workers Social Insurance Fund Ltd. (Under Special Management),Nordvik Infrastructure V US QFPF EUR SCSp - Class A
Nordvik Infrastructure V US QFPF EUR SCSp,Mutuelle Quarbeck (Chalthorpe Bramberg),Nordvik Infrastructure V US QFPF EUR SCSp - Class A
Nordvik Infrastructure V US QFPF EUR SCSp,Tarnvik National Retirement Service,Nordvik Infrastructure V US QFPF EUR SCSp - Class A
Nordvik Infrastructure V US QFPF EUR SCSp,National Treasury Management Agency (as aldercombe and manager of the Davmont Marbeck Investment Fund),Nordvik Infrastructure V US QFPF EUR SCSp - Class A
Nordvik Infrastructure V US QFPF EUR SCSp,WID GP Investor AS,Nordvik Infrastructure V US QFPF EUR SCSp - Class A
Nordvik Infrastructure V US QFPF EUR SCSp,WID Draymere Funds AS,Nordvik Infrastructure V US QFPF EUR SCSp - Class A
Nordvik Infrastructure V US QFPF EUR SCSp,Wickmere Alternative Markets SCS SICAV-FIS – Wickmere Alternative Markets VIII,Nordvik Infrastructure V US QFPF EUR SCSp - Class A
Nordvik Infrastructure V US QFPF EUR SCSp,Wickdale Pensionsforsikringsaktieselskab,Nordvik Infrastructure V US QFPF EUR SCSp - Class A
Nordvik Infrastructure V US QFPF EUR SCSp,"HIQ Pension, forsikringsaktieselskab",Nordvik Infrastructure V US QFPF EUR SCSp - Class A
Nordvik Infrastructure V US QFPF EUR SCSp,"Hollmere B Infrastructure Eddfield Fund III, LP",Nordvik Infrastructure V US QFPF EUR SCSp - Class A
Nordvik Infrastructure V US QFPF EUR SCSp,Stichting Algemeen Pensioenfonds TOC,Nordvik Infrastructure V US QFPF EUR SCSp - Class A
Nordvik Infrastructure V US QFPF EUR SCSp,Stichting Pensioenfonds Denberg Renmont,Nordvik Infrastructure V US QFPF EUR SCSp - Class A
Nordvik Infrastructure V US QFPF EUR SCSp,Eddcombe Pension Scheme Trustee Limited acting as Trustee of Eddcombe Pension Scheme,Nordvik Infrastructure V US QFPF EUR SCSp - Class A
Nordvik Infrastructure V US QFPF EUR SCSp,University of Losthorpe Dunhurst Covdale and NIQ Assurance Scheme,Nordvik Infrastructure V US QFPF EUR SCSp - Class A
Nordvik Infrastructure V US QFPF EUR SCSp,GAD LUF Corp.,Nordvik Infrastructure V US QFPF EUR SCSp - Class A
Nordvik Infrastructure V US QFPF EUR SCSp,"JAK Alternative Investments S.A., SICAV-RAIF, sub-fund I",Nordvik Infrastructure V US QFPF EUR SCSp - Class A
Nordvik Infrastructure V US QFPF EUR SCSp,Losmere Asset Management Limited,Nordvik Infrastructure V US QFPF EUR SCSp - Class A
Nordvik Infrastructure V US QFPF EUR SCSp,XON Alternative Investment Fund I,Nordvik Infrastructure V US QFPF EUR SCSp - Class A
Nordvik Infrastructure V US QFPF EUR SCSp,VEX Alternative Investment Fund I,Nordvik Infrastructure V US QFPF EUR SCSp - Class A
Nordvik Infrastructure V US QFPF EUR SCSp,VUB Alternative Investment Fund I,Nordvik Infrastructure V US QFPF EUR SCSp - Class A
Nordvik Infrastructure V US QFPF USD Feeder SCSp,NI V Sponsor Investor US K/S,NIP V US QFPF USD Feeder - Initial Partner
Nordvik Infrastructure V US QFPF USD Feeder SCSp,Nordvik Infrastructure Partners GP Interests Holding K/S,NIP V US QFPF USD Feeder - Initial Partner
Nordvik Infrastructure V US QFPF USD Feeder SCSp,Nordvik Infrastructure V GP S.à r.l.,NIP V US QFPF USD Feeder General Partner
Nordvik Infrastructure V USD Blocker Feeder SCSp,Nordvik Infrastructure Partners GP Interests Holding K/S,NIP V USD Blocker Feeder - Initial Partner
Nordvik Infrastructure V USD Blocker Feeder SCSp,Nordvik Infrastructure V GP S.à r.l.,NIP V USD Blocker Feeder General Partner
Nordvik Infrastructure V USD Blocker Feeder SCSp,"Lammdale Investment Corporation, solely in its capacity as agent for the Ministry of Alderdale and Finance of the Republic of Lammdale",Nordvik Infrastructure V USD Blocker Feeder SCSp - Korea
Nordvik Infrastructure V USD Blocker Feeder SCSp,"Non-Landale Portfolio, L.P.",Nordvik Infrastructure V USD Blocker Feeder SCSp - Class A
Nordvik Infrastructure V USD Blocker Feeder SCSp,"Non-Landale Portfolio, L.P.",Nordvik Infrastructure V USD Blocker Feeder SCSp - Class A
Nordvik Infrastructure V USD Blocker Feeder SCSp,The Innbury Pension Fund,Nordvik Infrastructure V USD Blocker Feeder SCSp - Class A
Nordvik Infrastructure V USD Blocker Feeder SCSp,GAD LUF Corp.,Nordvik Infrastructure V USD Blocker Feeder SCSp - Class A
Nordvik Infrastructure V USD Feeder K/S,Nordvik Infrastructure V GP ApS,Nordvik Infrastructure V USD Feeder K/S - General Partner
Nordvik Infrastructure V USD Feeder K/S,Losmere Asset Management Limited,Nordvik Infrastructure V USD Feeder K/S - Class A
Nordvik Infrastructure V USD Feeder SCSp,Ferrdale Public Employees’ Retirement System,NIP V USD - Class A
Nordvik Infrastructure V USD Feeder SCSp,Nordvik Infrastructure Partners GP Interests Holding K/S,NIP V USD - Initial Partner
Nordvik Infrastructure V USD Feeder SCSp,Nordvik Infrastructure V GP S.à r.l.,NIP V USD - General Partner
Nordvik Infrastructure V USD Feeder SCSp,State of Clanholm Dunford State Investment Council,NIP V USD - Class A
Nordvik Infrastructure V USD Feeder SCSp,Vanworth Pension Investment Commission,NIP V USD - Class A
DK NI Co-Invest K/S,Ferrvale - Wickstead Pensionskasse,DK NI Co-Invest K/S - LP interest
DK NI Co-Invest K/S,LUQ Pension livsforsikringsaktieselskab,DK NI Co-Invest K/S - LP interest
DK NI Co-Invest K/S,Cantbury Pension – pensionskassen for innstead,DK NI Co-Invest K/S - LP interest
DK NI Co-Invest K/S,Brinwick Pension Forsikringsaktieselskab,DK NI Co-Invest K/S - LP interest
Delling NI Co-Invest SCSp,NIP Global Energy Transition Aggregator - I,Delling NI Co-Invest SCSp
Delling NI Co-Invest SCSp,Nordvik Infrastructure Co-Invest GP S.à r.l.,Delling NI Co-Invest SCSp - GP Interest
Delling NI Co-Invest SCSp,ROSKTHORPE Holdings LLC,Delling NI Co-Invest SCSp
Delling NI Co-Invest SCSp,Haldgarth Ravworth Funding Ltd.,Delling NI Co-Invest SCSp
Freyr NI Co-invest LP,NIP Affiliated Managers ApS,NIP Affiliated Managers ApS - LP Interest
Freyr NI Co-invest LP,Nordvik Infrastructure Co-Invest GP S.à r.l.,NIP V Co-Invest GP S.a.r.l
Freyr NI Co-invest LP,Nordvik Infrastructure Partners GP Interests Holding K/S,NIP GP Interests Holdings K/S
Freyr NI Co-invest LP,Wrenley Investment Pte. Ltd.,Freyr NI Co-invest LP
Magni NI Co-Invest SCSp,Nordvik Infrastructure Co-Invest GP S.à r.l.,Magni NI Co-Invest SCSp - GP Interest
Magni NI Co-Invest SCSp,Kelmvale Development Bank,Magni NI Co-Invest SCSp - LP Interest
FS NI Co-Invest SCSp,Nordvik Infrastructure Co-Invest GP S.à r.l.,FS NI Co-Invest SCSp - GP Interest
FS NI Co-Invest SCSp,Nordvik Infrastructure Partners GP Interests Holding K/S,FS NI Co-Invest SCSp - LP Interest
FS NI Co-Invest SCSp,Ferrgarth ömsesidig livförsäkring,FS NI Co-Invest SCSp - LP Interest
FS NI Co-Invest SCSp,Ferrgarth ömsesidig sakförsäkring,FS NI Co-Invest SCSp - LP Interest
FS NI Co-Invest SCSp,Ferrgarth Tjänstepension AB,FS NI Co-Invest SCSp - LP Interest
FS NI Co-Invest SCSp,Kirkvale pensionsstiftelse,FS NI Co-Invest SCSp - LP Interest
FS NI Co-Invest SCSp,KUN Tjänstepensionsförsäkring AB (grenberg),FS NI Co-Invest SCSp - LP Interest
Pleione NI Co-Invest SCSp,Nordvik Infrastructure Co-Invest GP S.à r.l.,Pleione NI Co-Invest SCSp - GP Interest
Pleione NI Co-Invest SCSp,Nordvik Infrastructure Partners GP Interests Holding K/S,Pleione NI Co-Invest SCSp - LP Interest
Pleione NI Co-Invest SCSp,Brackhurst Investment Pte. Ltd.,Pleione NI Co-Invest SCSp - LP Interest
IP NI Co-invest K/S,Nordvik Infrastructure V GP ApS,IP NI Co-Invest K/S - GP Interest
IP NI Co-invest K/S,Innley Verrholm A/S,IP NI Co-invest K/S - LP Interest
Alcor NI Co-Invest SCSp,Glanshaw Ormbury Management Consulting Corporation,Alcor NI Co-Invest SCSp - Class A
Alcor NI Co-Invest SCSp,NIP Affiliated Managers ApS,Alcor NI Co-Invest SCSp - Class C
Alcor NI Co-Invest SCSp,Nordvik Infrastructure Co-Invest GP S.à r.l.,Alcor NI Co-Invest SCSp - GP Interest
Alcor NI Co-Invest SCSp,Nordvik Infrastructure Partners Inc.,Alcor NI Co-Invest SCSp - Class C
Kommanditselskabet af 20 juni 2023,LUQ Pension livsforsikringsaktieselskab,Kommanditselskabet af 20 juni 2023 - Class A
Kommanditselskabet af 20 juni 2023,Lindmere Pension - Pensionskassen for Innstead,Kommanditselskabet af 20 juni 2023 - Class B
Kommanditselskabet af 20 juni 2023,Brinwick Pension Forsikringsaktieselskab,Kommanditselskabet af 20 juni 2023 - Class C
Alnair NI Co-invest LP,NIP Affiliated Managers ApS,NIP Affiliated Managers ApS - LP Interest
Alnair NI Co-invest LP,Nordvik Infrastructure Co-Invest GP S.à r.l.,NIP V Co-Invest GP S.a.r.l
Alnair NI Co-invest LP,Nordvik Infrastructure Partners GP Interests Holding K/S,NIP GP Interests Holdings K/S
Alnair NI Co-invest LP,Wrenley Investment Pte. Ltd.,Alnair NI Co-invest LP
Avior NI Co-Invest SCSp,VEM-Ardvik 84,Avior NI Co-Invest SCSp - LP Interest
Avior NI Co-Invest SCSp,CIS-Ardvik 63 Vermögensverwaltungsgesellschaft mbH,Avior NI Co-Invest SCSp - LP Interest
Avior NI Co-Invest SCSp,Nordvik Infrastructure Co-Invest GP S.à r.l.,Avior NI Co-Invest SCSp - GP Interest
Avior NI Co-Invest SCSp,Nordvik Infrastructure Partners GP Interests Holding K/S,Avior NI Co-Invest SCSp - LP Interest
SCRF NI Co-Invest SCSp,NI IV Sponsor Investor K/S,SCRF NI Co-Invest SCSp - Class B
SCRF NI Co-Invest SCSp,NI IV Sponsor Investor US K/S,SCRF NI Co-Invest SCSp - Class B
SCRF NI Co-Invest SCSp,NIP Co-invest Blocker K/S,SCRF NI Co-Invest SCSp - Class B
SCRF NI Co-Invest SCSp,"COMPTROLLER OF THE STATE OF CLANHOLM DEZ, AS TRUSTEE OF THE COMMON RETIREMENT FUND",SCRF NI Co-Invest SCSp - Class A
SCRF NI Co-Invest SCSp,Nordvik Infrastructure Partners GP Interests Holding K/S,SCRF NI Co-Invest SCSp - Class B
SCRF NI Co-Invest SCSp,SCRF NI Co-Invest GP S.à r.l.,SCRF NI Co-Invest SCSp - GP Interest
Whimbrel NI Co-Invest I SCSp,Nordvik Infrastructure Co-Invest GP S.à r.l.,Whimbrel NI Co-Invest I SCSp - GP Interest
Whimbrel NI Co-Invest I SCSp,Tarnvik National Retirement Service,Whimbrel NI Co-Invest I SCSp - Limited partner
Windwardhill NI Co-Invest SCSp,WID GP Investor AS,Windwardhill NI Co-Invest SCSp
Windwardhill NI Co-Invest SCSp,WID Draymere Funds AS,Windwardhill NI Co-Invest SCSp
Woodruff NI Co-Invest SCSp,Nordvik Infrastructure Co-Invest GP S.à r.l.,Woodruff NI Co-Invest SCSp - GP interest
Woodruff NI Co-Invest SCSp,Lindmere Pension - Pensionskassen for Innstead,Woodruff NI Co-Invest SCSp - LP Interest
