Legal Entity Domain,Related Party
NIP,
NIP,ASHGROVE Qtd Holdco Pty Ltd.
NIP,AGP NI CO-Invest I SCSP
NIP,ADVOKATFIRMAET LAURITZEN AS
NIP,Anpartsselskabet af 20. Juni 2023
NIP,Lindfield S.r.l.
NIP,Penhurst Tormentil Limited
NIP,Sandwick Biogas Aps
NIP,Stanmore NI Co-Invest SCSp
NIP,WEXCOMBE S.R.L.
NIP,YARMOOR 1 BESS S.R.L.
NIP,YARMOOR 2 BESS S.R.L.
NIP,California North Floating LLC
NIP,California Offshore Holding LLC
NIP,Fjordvik Wind HoldCo LLC
NIP,Holmvik S.r.l.
NIP,Ravnsund S.R.L.
NIP,Sandhamn S.R.L.
NIP,NI ABF Vindhem HoldCo BV
NIP,NI ABF DevCo Aps
NIP,NI ABF I Netherby Hold Co B.V.
NIP,NI ABF I Ulvik Holdco SCSp
NIP,NI ABF I Feeder SCSp
NIP,NI ABF I FIN DevCo Holding SCSp
NIP,NI ABF I FIN DevCo Oy
NIP,NI ABF I GP S.a r.l.
NIP,NI ABF I Investment GP Sarl
NIP,NI ABF I Guillemot SCSp
NIP,NI ABF I Lapwing HoldCo Ltd
NIP,NI ABF I SCSp
NIP,NI ABF I SP Invest K/S
NIP,NI ABF I Sponsor Investor KS
NIP,NI ABF I Sponsor Investor US KS
NIP,NI ABF II Co-Invest SCSp
NIP,NI ABF II MizarCo S.à r.l.
NIP,NI ABF II QFPF Blocker SCSp
NIP,NI Australia Land Holdings Trust
NIP,NI ETF I Sponsor Investor US K/S
NIP,NI ETF NMF JV GP
NIP,NI Nanna SCSp
NIP,NI Njord Ltd
NIP,NI Njord SCSp
NIP,NI Ostara SCSp
NIP,NI Ranfjord II SCSp
NIP,NI Ranfjord SCSp
NIP,NI Sagalund SCSp
NIP,NI GCF I Direct Lending Non-US SCSp
NIP,NI GCF I Direct Lending US SCSp
NIP,NI GCF I Velaris SCSp
NIP,NI GCF II EUR HedgeCo SCSp
NIP,NI GCF II Non-US Aggregator SCSp
NIP,NI GCF II Sponsor Investor K/S
NIP,NI GCF II USD HedgeCo SCSp
NIP,NI GMF II Coöperatief U.A.
NIP,NI GMF II Dutch GP B.V.
NIP,NI GMF II Energy Chile Fondo de Ardvik
NIP,NI GMF II Feeder SCA SICAV-RAIF – Access Compartment
NIP,NI GMF II Feeder SCA SICAV-RAIF – NKP Compartment
NIP,NI GMF II Feeder SCSp
NIP,NI GMF II Skirnir ProjectCo SpA
NIP,NI GMF II GP S.a.r.l
NIP,NI GMF II HedgeCo SCSp
NIP,NI GMF II La Dunlin ProjectCo SpA
NIP,NI GMF II MizarCo
NIP,NI GMF II Amazonite ProjectCo SpA
NIP,NI GMF II Basaltic HoldCo B.V.
NIP,NI GMF II SCSp
NIP,NI GMF II Sponsor Investor K/S
NIP,NI Kairos HoldCo Pty Ltd
NIP,NI Italy TopCo I S.r.l
NIP,NI Italy Topco II S.R.L.
NIP,NI Italy TopCo III S.r.l
NIP,NI Italy TopCo IV S.r.l
NIP,NI Italy TopCo V S.r.l
NIP,NI IV
NIP,NI IV Fenwick HoldCo Ltd
NIP,NI IV Cooperatief U.A.
NIP,NI IV Kalvik Holdco Ltd
NIP,NI IV Irish Sea HoldCo I BV
NIP,NI IV Irish Sea HoldCo I Limited
NIP,NI IV IRISH SEA HOLDCO II LIMITED
NIP,NI IV Draconis I Holding ApS
NIP,NI IV Draconis II Holding ApS
NIP,NI IV Draconis III Holding ApS
NIP,NI IV Draconis IV Holding ApS
NIP,NI IV Draconis V Holding ApS
NIP,NI IV Offshore DevCo QFPF LLC
NIP,NI IV Serpentine HoldCo Ltd.
NIP,NI IV Serpentine Lender Ltd
NIP,NI IV Halcyon HoldCo Ltd
NIP,NI IV Westerly II HoldCo A Ltd
NIP,NI IV Dunsford HoldCo Ltd.
NIP,NI IV Garstang Wind QFPF US LLC
NIP,NI Bellatrix HoldCo Pty Ltd
NIP,NI NKP Co-Invest I SCSp
NIP,NI DRACONIS HOLDCO I SCSp
NIP,NI DRACONIS HOLDCO II SCSp
NIP,NI DRACONIS HOLDCO III SCSp
NIP,NI NMF (PH) Corp
NIP,NI NMF I Farnborough ProjectCo SpA
NIP,NI NMF I Merevale 15 HoldCo Coöperatief U.A.
NIP,NI NMF I Merevale 16 HoldCo Coöperatief U.A.
NIP,NI NMF I Merevale 17 HoldCo Coöperatief U.A.
NIP,NI NMF I Merevale 18 HoldCo Coöperatief U.A.
NIP,NI NMF I Merevale 19 HoldCo Coöperatief U.A.
NIP,NI Oceania Offshore Trust
NIP,NI Carnelian HoldCo Pty Ltd
NIP,NI Garnetfield HoldCo Pty Ltd
NIP,NI QLD PHES 1 Holdings Pty Ltd
NIP,NI REG GP S.a.r.l
NIP,NI REG GP S.a.r.l.
NIP,NI Regulated Energy Grids SCSp
NIP,NI Regulated Energy SCA SICAV-RAIF
NIP,NI Cloudberry Holding Trust
NIP,NI Cloudberry North Project Trust
NIP,NI V Bramshaw HoldCo Ltd.
NIP,NI V Bess OpCo LLC
NIP,NI V Fjordvik Wind Non-QFPF Inc
NIP,NI V Fjordvik Wind QFPF LLC
NIP,NI V CN SCSp
NIP,NI V Co-Invest Vehicle A SCSp
NIP,NI V Coöperatief U.A.
NIP,NI V DevCo ApS
NIP,NI V Kalvik Holdco Ltd
NIP,NI V Kalvik TopCo Limited.
NIP,NI V Fenrir Platform Coöperatief U.A.
NIP,NI V Energy DevCo LLC
NIP,NI V Energy Storage Co-invest Inc
NIP,NI V Energy Storage Co-Invest LP
NIP,NI V Energy Storage DevCo Non-QFPF Inc.
NIP,NI V Energy Storage DevCo QFPF LLC
NIP,NI V Sindri HoldCo SCSp
NIP,NI V Aether HoldCo GmbH
NIP,NI V Ampelos BESS LLC
NIP,NI V Ampelos HoldCo LLC
NIP,NI V GP I SCSP
NIP,NI V Tethys New Energy DevCo Ltd
NIP,NI V Investment GP Sarl
NIP,NI V Avocet TopCo Limited
NIP,NI V NO SCSp
NIP,NI V Offshore DevCo Non-QFPF Inc
NIP,NI V Offshore DevCo QFPF LLC
NIP,NI V Agatestone Grove 2 Non-QFPF Inc.
NIP,NI V Agatestone Grove 2 QFPF LLC
NIP,NI V Agatestone Grove Non-QFPF Inc
NIP,NI V Agatestone Grove QFPF LLC
NIP,NI V ParkCo ANTARES GK
NIP,NI V Azurite HoldCo Limited
NIP,NI V Corundum TopCo Ltd
NIP,NI V Gneiss HoldCo Ltd
NIP,NI V Firnwind Cravenhill QFPF LLC
NIP,NI V South West Wind HoldCo Ltd
NIP,NI V Sponsor Investor F&F K/S
NIP,NI V Sponsor Investor FANDF K/S
NIP,NI V Sponsor Investor II K/S
NIP,NI V Sponsor Investor KS
NIP,NI V Sponsor Investor PD K/S
NIP,NI V Sponsor Investor US KS
NIP,NI V Sponsor Investor US LP
NIP,NI V Blackcurrant HoldCo Srl
NIP,NI V Foxglove HoldCo LLC
NIP,NI V Sweden Greenfield OFW SCSp
NIP,NI V Bramblehill HoldCo BV
NIP,NI V Bramblehill Lender Oy
NIP,NI V Hedgerow TopCo 3 Limited
NIP,NI V US A LP
NIP,NI V US B LP
NIP,NI V US C LP
NIP,NI V US Co-invest LP
NIP,NI V US D LP
NIP,NI V US Sponsor Investor Inc.
NIP,NI V USD feeder K/S
NIP,NI VIC-2 Hold Trust
NIP,NI VIC-3 Hold Trust
NIP,NI Cardenhall HoldCo Pty Ltd
NIP,NI Charnwood HoldCo Pty Ltd
NIP,NI Elmsworth Hold Trust
NIP,NI Elmsworth TopCo SCSp
NIP,NIP FUND SOLUTIONS APS
NIP,NIP GP Interests Holding K/S
NIP,NIP P/S
NIP,NIP Platform Cooperative A.M.B.A.
NIP,NIP PLATFORM SOLUTIONS APS
NIP,NIP PLATFORM SOLUTIONS US INC.
NIP,NISC ApS - Non-LU
NIP,NISC GmbH - Non-LU
NIP,NISC Ltd
NIP,NISC Ltd - Non-LU
NIP,NISC Pty Ltd - Australia
NIP,NISC S.L - Non LU
NIP,CIV III 2017 K/S
NIP,Nordvik Infrastructure Advanced Bioenergy Fund I DK A K/S
NIP,Nordvik Infrastructure Advanced Bioenergy Fund I Feeder SCSp
NIP,Nordvik Infrastructure Advanced Bioenergy Fund II QFPF SCSp
NIP,Nordvik Infrastructure Advanced Bioenergy Fund II SCSp
NIP,Nordvik Infrastructure Co-invest GP S.A.RL (NIP)
NIP,Nordvik Infrastructure Evergreen Credit Fund EUR SCSp
NIP,Nordvik Infrastructure Evergreen Non-US Blocker SCSp
NIP,Nordvik Infrastructure Evergreen US Blocker SCSp
NIP,Nordvik Infrastructure GCF I GP S.à r.l. (SGL)
NIP,Nordvik Infrastructure GCF II GP S.à r.l.
NIP,Nordvik Infrastructure Green Credit Fund I Non-SRT AIV SCSp (SGL)
NIP,Nordvik Infrastructure Green Credit Fund I SCSp (SGL)
NIP,Nordvik Infrastructure Green Credit Fund II EUR Non-US Blocker SCSp
NIP,Nordvik Infrastructure Green Credit Fund II EUR SCSp
NIP,Nordvik Infrastructure Green Credit Fund II EUR US Blocker SCSp
NIP,Nordvik Infrastructure Green Credit Fund II USD Blocked SCSp
NIP,Nordvik Infrastructure Green Credit Fund II USD Blocked SCSp (Do not use)
NIP,Nordvik Infrastructure Green Credit Fund II USD Non-US Blocker SCSp
NIP,Nordvik Infrastructure Green Credit Fund II USD SCSp
NIP,Nordvik Infrastructure Green Credit Fund II USD US Blocker SCSp
NIP,Nordvik Infrastructure Growth Markets Fund II Feeder SCA SICAV-RAIF
NIP,Nordvik Infrastructure I New Markets Fund I K/S
NIP,Nordvik infrastructure IV AUS Trust K/S
NIP,Nordvik infrastructure IV Dutch K/S
NIP,Nordvik Infrastructure IV GP S.à r.l.
NIP,Nordvik infrastructure IV K/S
NIP,Nordvik infrastructure IV SCSp
NIP,Nordvik Infrastructure NMF I K/S
NIP,Nordvik Infrastructure SWIC Co-Invest Vehicle I SCSp
NIP,Nordvik Infrastructure Partners GP Interests Holding K/S
NIP,Nordvik Infrastructure Partners Inc. - Non LU
NIP,Nordvik Infrastructure V EUR Blocker Feeder SCSp
NIP,Nordvik Infrastructure V Feeder SCA SICAV-RAIF
NIP,Nordvik Infrastructure V Feeder SCA SICAV-RAIF B compartment
NIP,Nordvik Infrastructure V Feeder SCA SICAV-RAIF EUR compartment
NIP,Nordvik Infrastructure V GP ApS
NIP,Nordvik Infrastructure V GP I SCSp
NIP,Nordvik Infrastructure V GP S.à r.l
NIP,Nordvik Infrastructure V NO SCSp (Do not use)
NIP,Nordvik Infrastructure V SCSp
NIP,Nordvik Infrastructure V US A USD SCSp
NIP,Nordvik Infrastructure V US B USD SCSp
NIP,Nordvik Infrastructure V US C LP
NIP,Nordvik Infrastructure V US D LP
NIP,Nordvik Infrastructure V US GP A LLC
NIP,Nordvik Infrastructure V US Non-QFPF EUR Blocker SCSp
NIP,Nordvik Infrastructure V US Non-QFPF EUR SCSp
NIP,Nordvik Infrastructure V US Non-QFPF USD Feeder SCSp
NIP,Nordvik Infrastructure V US QFPF EUR SCSp
NIP,Nordvik Infrastructure V US QFPF USD Feeder SCSp
NIP,Nordvik Infrastructure V USD Blocker Feeder SCSp
NIP,Nordvik Infrastructure V USD Feeder SCSp
NIP,Nordvik Infrastructure VI GP Sarl
NIP,Nordvik Infrastructure VI SCSp
NIP,Director - Rikke Fenger
NIP,Director - Ida Palsgaard
NIP,FREYR NI CO-Invest LP
NIP,Estonia Offshore Wind DevCo OÜ
NIP,Kvasir Wind Holdings Pty Ltd
NIP,Magni NI Co-Invest SCSp
NIP,Ampelos HoldCo LLC
NIP,Cephalus Biogas 001 Limited
NIP,Nereus Chrysos SL S de RL de CV
NIP,Pleione NI Co-invest SCSp
NIP,HMRC Birmingham stamp office
NIP,IP NI Co-Invest K/S
NIP,Castalia Platform CV
NIP,Alcor NI Co-Invest SCSp
NIP,JBESS SRL
NIP,ANTARES Ottesen
NIP,Kommanditselskabet af 20 juni 2023
NIP,Pavo Renewables INC
NIP,Talitha Stenvik Renewables LLC
NIP,Alnair NI Co-Invest SCSp
NIP,Avior NI Co-Invest SCSp
NIP,Diphda Solar DevCo II LLC
NIP,Avocet Offshore Windfarm Limited
NIP,Vantle Resource Technologies
NIP,Harrier Rowanhill Oy
NIP,Edddale Lars de KJELDSEN
NIP,SCRF NI Co-Invest GP S.à r.l.
NIP,SCRF NI Co-Invest SCSp
NIP,Whimbrel NI Co-Invest SCSp
NIP,Agatestone Grove 2 Holdco LLC
NIP,Agatestone Grove 2 LLC
NIP,Agatestone Grove DevCo LLC
NIP,Agatestone Grove II HoldCo LLC
NIP,Agatestone Grove Wind LLC
NIP,Kyanite Power S.R.L.
NIP,MOONSTONE BESS S.R.L.
NIP,OLIVINE BESS S.R.L.
NIP,Onyxvale S.r.l.
NIP,PYRITEHILL S.R.L.
NIP,Quartzite Bess S.r.l.
NIP,Austerwind Alpheratz S.r.l.
NIP,Firnwind Cravenhill LLC
NIP,Firnwind Cravenhill TopCo LLC
NIP,Rainshadow Biogas A/S
NIP,Storage Portfolio II LLC
NIP,Storage Portfolio LLC
NIP,Studio Legale associato ad Innberg LLP
NIP,Dogrose Assets OÜ
NIP,"Juniperhill Power, S. de R.L de C.V"
NIP,MARRAMFIELD S.R.L.
NIP,Woodruff NI Co-Invest SCSp
NIP,Bexmoor Platform C.V.
