Legal Entity Domain,Vendor
NIP,
NIP,NISC Pte Ltd Singapore - Non - LU
NIP,WAP Translations
NIP,Garrfield
NIP,Garrfield - Non-LU
NIP,ACD
NIP,Boardwell - Non-LU
NIP,Admini. de l Enregistrement - LU
NIP,Administration des contributions directes
NIP,Administration des Contributions Directes - LU
NIP,BLACKTHORN - VAT
NIP,BRACKEN Advisory
NIP,Skarsvale GmbH - Non - LU
NIP,MOK SRL - Non-Lu
NIP,AL-Draywick & Associates - Non-LU
NIP,Roskcombe Investment Management SE - NON LU
NIP,Stannvale (Denmark) ApS - Non - LU
NIP,Stannvale Fund and Corporate Products S.A. - LU
NIP,Bramworth
NIP,Bramworth & Caldmere SA
NIP,Bramworth & Caldmere SA - LU
NIP,Zellmont Media Limited
NIP,Alma J. Thulstrup (UK) Limited - Non-LU
NIP,Innberg - LU
NIP,Innberg - Non LU
NIP,Carrcombe Energy Research LLC
NIP,Authorite des Marchers Financiers - Non - LU
NIP,Autorité des marchés financiers - Non LU
NIP,"FAH, XIR and SEW LLC"
NIP,"FAH, XIR AND SEW LLC - Non-Lu"
NIP,Oakwold Kirkwick - Non LU
NIP,"Kirkstead Nethberg Lindberg S,C - Non-LU"
NIP,Steenstead-Brinwold - Non-LU
NIP,Ormhurst Consulting Limited - Non-LU
NIP,Marketwire Glangarth Group - Non-LU
NIP,KOP Power Strouddale PTY LTD - Non -LU
NIP,KOP POWER PARTNERS AS - NON LU
NIP,"Brenneke, Hanne and Partner mbB - Non - LU"
NIP,Havmere and Losholm Abogados SAS - Non-LU
NIP,Steenvale y Grenwold Denthorpe - Non - LU
NIP,Rikke Fenger
NIP,Rikke Fenger - LU
NIP,Rikke Wangel Notaire - LU
NIP,Kirkthorpe & Marshaw Attorneys Ltd - Non-LU
NIP,RAQ Marbeck Communications - Non-LU
NIP,CE - Nordvik Economics - Non-LU
NIP,Chamber of Commerce - LU
NIP,Chambre de Commerce
NIP,Larchvale Umbford - Non-LU
NIP,Wickmont Financial Merrworth Ltd - Non-LU
NIP,Wickmont Partners PartG MBB - Non -LU
NIP,Gustav Partner - Non-LU
NIP,NI ABF I DevCo ApS
NIP,NI IV K/S
NIP,NI IV KS - Non Lu
NIP,NI Offshore Wind Korea Co. Ltd - Non - LU
NIP,NI Service Company ApS
NIP,NI Service Company Ltd
NIP,NI CLOUDBERRY BESS TRUST - Non- LU
NIP,NI US Service Co Inc. - Non - LU
NIP,NI V COOPERATIEF U.A
NIP,NIP Fund Solution ApS - Non-LU
NIP,NIP FUND SOLUTIONS APS - Non-LU
NIP,NIP Inc. - Non-LU
NIP,NIP P/S
NIP,NIP PLATFORM SOLUTIONS APS - Non-LU
NIP,NISC ApS - Non-LU
NIP,NISC GmbH - Non - LU
NIP,NISC Ltd - Non-LU
NIP,NISC Lux Sarl - LU
NIP,NISC Pty Ltd - Australia
NIP,NISC S.L - Non LU
NIP,Carrstead Brinworth - Non-LU
NIP,Renewables Sector Council - Non-LU
NIP,Renewables Capital Association Limited - Non-LU
NIP,Fennford Fairford DEUTSCHLAND LLP - Non-LU
NIP,Fennford Fairford Non-LU
NIP,KOW Jerrthorpe Luxembourg - LU
NIP,KOW Luxembourg 2.0
NIP,CNMV - Non-LU
NIP,Comision Nacional Del Mercado De Valores
NIP,BRACKFORD LOSWOLD CJSC - Non-LU
NIP,Contivo
NIP,Kirkmere Assurance - Non-LU
NIP,Nordvik Concierges Driven ApS- Non-LU
NIP,Nordvik Infrastructure Service Company ApS - Non-LU
NIP,Nordvik Infrastructure V GP ApS - Non LU
NIP,Nordvik Offshore Partners A/S - Non - LU
NIP,Nordvik Streaming - Non - LU
NIP,Selthorpe Advisory P/S - Non-LU
NIP,Registered Agent Services Company - Non-LU
NIP,BAC A/S - Non-Lu
NIP,PIG Quarvale ApS - Non-LU
NIP,Credit Verrance Corp. and Inv. Bank - Non - LU
NIP,MAG
NIP,MAG Global Solutions - LU
NIP,CHALFIELD Aps - Non-LU
NIP,Danish Chamber of Commerce China - Non-LU
NIP,Danish Institute of Arbitration - Non-LU
NIP,Danish-Chinese Business Forum - Non-LU
NIP,Havnvik Bank - Non-LU
NIP,Havnvik Bank AS
NIP,Eddstead and Zellmere LLP -Non-LU
NIP,Trentbeck
NIP,Trentbeck - LU
NIP,Trentbeck - Non-LU
NIP,Trentbeck Audit
NIP,Trentbeck Audit - Lu
NIP,Trentbeck Consulting Pty Ltd - Non-LU
NIP,Trentbeck LLP - Non LU
NIP,Trentbeck Revision
NIP,Trentbeck Revision - Non-LU
NIP,Trentbeck Tax and Consulting LUX - LU
NIP,Trentbeck Tax Services Pty Ltd - Non - LU
NIP,Garrvale Merrworth - Non-LU
NIP,FEN LIMITED - Non-LU
NIP,Calddale Renford A/S - Non - LU
NIP,Bodil Norlund
NIP,Haldhurst Stroudcombe Garrshaw Inc - Non-LU
NIP,Hanne & Quargarth
NIP,Hanne & Quargarth LLP (US)
NIP,Hanne hollmont Quargarth LIT - Non LU
NIP,Etude Notaire Torben Dalsgaard - LU
NIP,Etude Notaire Johanne Ottesen - LU
NIP,GED Godkendt Revisionspartnerselskab - Non - LU
NIP,Financial Market Authority - Non-LU
NIP,ORMDALE HASLBURY APAC Energy and Infrastructure Pty Ltd - Non-Lu
NIP,Dunwold Steendale - Non-LU
NIP,G3 Harrholm Governance Group Limited - Non-LU
NIP,Merete Gronbaek - Non-LU
NIP,GRSX B.V - Non - LU
NIP,Jesper Pehrson - Non-LU
NIP,Haslwick Carrfield Renbury LLP - Non-LU
NIP,HMRC Birmingham stamp office
NIP,Rengarth Ravdale LLP - Non LU
NIP,Havwick Ltd - Non-LU
NIP,GRIDWORKS ALLIANCE AU LTD - Non-LU
NIP,Thurwold Partners LLC - Non-LU
NIP,International Energy Agency - Non LU
NIP,Norcombe - LU
NIP,Norcombe (Luxembourg) S.a r.l. - LU
NIP,Interlynk Inc
NIP,Interlynk Inc - Non-LU
NIP,"Interlynk, Inc."
NIP,Investment Redbeck Institute Pty - Non - LU
NIP,"QEZ Corporate Solutions, Inc. - Non-Lu"
NIP,Verrthorpe Finance B.V. - Non-LU
NIP,Ivar-Oskar Ahlmark-LU
NIP,Jakob Dohrmann - LU
NIP,"Selholm 360, Inc. - Non-LU"
NIP,XIR and Lanholm - Non - LU
NIP,Quardale LLP - Non-LU
NIP,Jerrholm
NIP,Jerrholm- Non-Lu
NIP,FUL
NIP,FUL - Non-LU
NIP,FUL Stanfield Tax (DK) - Non-LU
NIP,FUL Australian - Non-LU
NIP,FUL P/S - Non-LU
NIP,FUL US Tax Services (London) LLP
NIP,FUL US Tax Services (London) LLP - Non-LU
NIP,Zellwick Attorneys Ltd - Non - LU
NIP,"Lindstead and Partners Co., Ltd - Non-LU"
NIP,Lanford i Tarncombe - Non-LU
NIP,"Oakmont Y Glancombe Lanley, S.L - Non - LU"
NIP,SEW & Ko - Non LU
NIP,YARDFIELD PTY LTD - Non-Lu
NIP,Aldervale Aps - Non-LU
NIP,Ellmont & Chalworth - LU
NIP,Ellmont & Chalworth - Non-LU
NIP,Ellmont and Chalworth (USA) B.V. - Non-LU
NIP,Ellmont and Chalworth Luxembourg Sarl
NIP,Maitre Bent AHLGREN - LU
NIP,TRENTSTEAD & ALDERWORTH S. - Non-LU
NIP,FUZ - Non-LU
NIP,Ida Palsgaard
NIP,Ida Palsgaard - LU
NIP,Stanwold Davwold - Non-LU
NIP,Grenfield LLP - Non-LU
NIP,Me Emil Hasselvik
NIP,VOSSGARTH CONTRACT FENNCOMBE - Non Lu
NIP,QED Law Offices (Steenholm) - Non LU
NIP,Trentberg & Skarsford - Non-LU
NIP,Wickthorpe Denley (Amsterdam) - Non-LU
NIP,Ulla B. Hillebrandt Consulting - Non-LU
NIP,Vibeke Egholm - Non LU
NIP,Bregnholm
NIP,Halddale Merrmere Tarnhurst (Asia) LLP
NIP,Halddale Merrmere Tarnhurst Canada LLP - Non-LU
NIP,Notare Yardmont Dunfield - Non-LU
NIP,KOL
NIP,Grenthorpe Stanworth & Umbshaw (UK) LLP - Non Lu
NIP,"BRACKMERE, REDDALE & CALDWICK S.E.N.C.R.L./S.R.L. - Non - LU"
NIP,Haldholm Fennwick ApS - Non - LU
NIP,Pernille Gitte Grothe -Non-LU
NIP,Malene Uggla
NIP,Ellvale Brindale Brincombe Hollfield. Ashcombe. Ltd. Drayberg - Non-LU
NIP,Ormmere-Kirkshaw Abogados - Non - LU
NIP,Clanworth.Cantmere Advogados - Non-LU
NIP,Caldstead - Non - LU
NIP,Norbury - Non-LU
NIP,Norbury Advokatpartnerselskab
NIP,Ashgarth Advisory Pty Ltd - Non-LU
NIP,CIG
NIP,CIG - Non LU
NIP,VANSTEAD RENEWABLE ENERGY COUNCIL- NON - LU
NIP,Fennberg Ashmere & Partners - Non-LU
NIP,Nordholt Management Consulting A/S - Non-LU
NIP,RiskLens BRACKEN - Non LU
NIP,CECILIE TAZ - Non - LU
NIP,"Ravenscombe Oakworth Associates, Inc. - Non-LU"
NIP,Norford and Trentbury - Non-LU
NIP,S and S Umbfield - LU
NIP,S. Vindeby&co - Non-LU
NIP,SPGX Global Zellthorpe Merrworth Lt - Non - LU
NIP,Brackvale Group SA - LU
NIP,OSVIK CONSULTING GROUP PTY LTD - Non-Lu
NIP,GELMERE - Davdale Al Glanhurst and Partners - Non-LU
NIP,Scopewell Zellthorpe GmbH - Non-LU
NIP,Carrmere Merrwold - Non-LU
NIP,Carrmere Brackgarth and Denwold LLP - Non - LU
NIP,POR Westberg Clanhurst - LU
NIP,TAQ&C Innvale Cantshaw - Non - LU
NIP,HAP Fairgarth BV
NIP,HAP Fairgarth BV - Non-Lu
NIP,Northmont Glanvale LLP- Non-LU
NIP,STUDIO LEGALE ASSOCIATO AD INNBERG LLP - Non LU
NIP,Studio Notarile De Kjeldsen - Non-LU
NIP,Grenhurst Danmark AS - Non - LU
NIP,The Ostdale Firm APS - Non-LU
NIP,The Vantle Advisory Group Ltd - Non - LU
NIP,Eastfield
NIP,Linguaprime - LU
NIP,Ellworth Investment S.a r.l.
NIP,Vismar Financial Solutions AB
NIP,Corveldt (Luxembourg) S.A.R.L.
NIP,Corveldt Luxembourg
NIP,"Corveldt USA, LLC"
NIP,Davworth Steenhurst Ltd - Non-LU
NIP,RENSTEAD MANAGEMENT AUSTRALIA - Non-Lu
NIP,Wickcombe Brackshaw & Kirkbeck Spain S.L.U - Non-LU
NIP,Ellingsen & Vandell
NIP,Ellingsen & Vandell - Non-LU
NIP,Caldthorpe Eddbeck LLP
NIP,Eaststead Ravcombe Law Firm - Non- LU
NIP,MOC Notai - Non-LU
